{
    "m_gameSession": 11,
    "m_waveNumber": 2,
    "estimatedPlayerSkillLevel": 0.0,
    "systemWeight": 0.0,
    "m_waveDifficulty": 2.200000047683716,
    "m_waveSpawntime": 117.340087890625,
    "m_waveSpawnDuration": 20.0,
    "m_waveMaxClearDuration": 0.0,
    "m_wavePauseDuration": 20.0,
    "m_adjustedPlayerSkillLevelGM": 0.0,
    "m_adjustedPlayerSkillLevelBCI": 0.0,
    "m_adjustedPlayerSkillLevelWeighted": 0.0,
    "m_Pause": true,
    "m_waveClearDuration": 56.918243408203128,
    "m_lostHP": 310,
    "m_lostBuildingHP": 320,
    "m_lostBuildings": 0,
    "m_healedtBuildingHP": 0,
    "m_damageDealtInCloseCombat": 440,
    "m_bciStats_eng": [
        0.5999990105628967,
        0.5999990105628967,
        0.5999990105628967,
        0.5999990105628967
    ],
    "m_bciStats_exc": [
        0.5999990105628967,
        0.5999990105628967,
        0.5999990105628967,
        0.5999990105628967
    ],
    "m_bciStats_foc": [
        0.5,
        0.5,
        0.5,
        0.5
    ],
    "m_bciStats_int": [
        0.25,
        0.25,
        0.25,
        0.25
    ],
    "m_bciStats_rel": [
        0.512499988079071,
        0.25,
        0.25,
        0.25
    ],
    "m_bciStats_str": [
        0.6675000190734863,
        0.75,
        0.75,
        0.75
    ],
    "m_bciStats_Pause_eng": [
        0.5999990105628967,
        0.5999990105628967
    ],
    "m_bciStats_Pause_exc": [
        0.5999990105628967,
        0.5999990105628967
    ],
    "m_bciStats_Pause_foc": [
        0.5,
        0.5
    ],
    "m_bciStats_Pause_int": [
        0.25,
        0.32499900460243227
    ],
    "m_bciStats_Pause_rel": [
        0.25,
        0.3474990129470825
    ],
    "m_bciStats_Pause_str": [
        0.75,
        0.47749900817871096
    ],
    "m_boredom": 0.09140674769878388,
    "m_frustration": 0.4896875023841858
}