{
    "m_gameSession": 11,
    "m_waveNumber": 4,
    "estimatedPlayerSkillLevel": 0.0,
    "systemWeight": 0.0,
    "m_waveDifficulty": 3.000000238418579,
    "m_waveSpawntime": 239.30807495117188,
    "m_waveSpawnDuration": 20.0,
    "m_waveMaxClearDuration": 0.0,
    "m_wavePauseDuration": 20.0,
    "m_adjustedPlayerSkillLevelGM": 0.0,
    "m_adjustedPlayerSkillLevelBCI": 0.0,
    "m_adjustedPlayerSkillLevelWeighted": 0.0,
    "m_Pause": true,
    "m_waveClearDuration": 69.07266235351563,
    "m_lostHP": 290,
    "m_lostBuildingHP": 820,
    "m_lostBuildings": 0,
    "m_healedtBuildingHP": 280,
    "m_damageDealtInCloseCombat": 190,
    "m_bciStats_eng": [
        0.75,
        0.75,
        0.75,
        0.75,
        0.75
    ],
    "m_bciStats_exc": [
        0.75,
        0.75,
        0.75,
        0.75,
        0.75
    ],
    "m_bciStats_foc": [
        0.5,
        0.5,
        0.5,
        0.5,
        0.5
    ],
    "m_bciStats_int": [
        0.6324999928474426,
        0.6499999761581421,
        0.6499999761581421,
        0.6499999761581421,
        0.6499999761581421
    ],
    "m_bciStats_rel": [
        0.38999998569488528,
        0.4000000059604645,
        0.4000000059604645,
        0.4000000059604645,
        0.4000000059604645
    ],
    "m_bciStats_str": [
        0.2999989986419678,
        0.2999989986419678,
        0.2999989986419678,
        0.2999989986419678,
        0.2999989986419678
    ],
    "m_bciStats_Pause_eng": [
        0.75,
        0.75
    ],
    "m_bciStats_Pause_exc": [
        0.75,
        0.75
    ],
    "m_bciStats_Pause_foc": [
        0.5,
        0.5
    ],
    "m_bciStats_Pause_int": [
        0.6499999761581421,
        0.6549999713897705
    ],
    "m_bciStats_Pause_rel": [
        0.4000000059604645,
        0.364998996257782
    ],
    "m_bciStats_Pause_str": [
        0.2999989986419678,
        0.25
    ],
    "m_boredom": 0.057249248027801517,
    "m_frustration": 0.12699902057647706
}