{
    "m_gameSession": 11,
    "m_waveNumber": 1,
    "estimatedPlayerSkillLevel": 0.0,
    "systemWeight": 0.0,
    "m_waveDifficulty": 1.7999999523162842,
    "m_waveSpawntime": 65.85494232177735,
    "m_waveSpawnDuration": 20.0,
    "m_waveMaxClearDuration": 0.0,
    "m_wavePauseDuration": 20.0,
    "m_adjustedPlayerSkillLevelGM": 0.0,
    "m_adjustedPlayerSkillLevelBCI": 0.0,
    "m_adjustedPlayerSkillLevelWeighted": 0.0,
    "m_Pause": true,
    "m_waveClearDuration": 51.479713439941409,
    "m_lostHP": 160,
    "m_lostBuildingHP": 0,
    "m_lostBuildings": 0,
    "m_healedtBuildingHP": 0,
    "m_damageDealtInCloseCombat": 280,
    "m_bciStats_eng": [
        0.5,
        0.32749998569488528,
        0.20000000298023225
    ],
    "m_bciStats_exc": [
        0.5,
        0.32249900698661806,
        0.2999989986419678
    ],
    "m_bciStats_foc": [
        0.5,
        0.5,
        0.5
    ],
    "m_bciStats_int": [
        0.4049989879131317,
        0.25,
        0.25
    ],
    "m_bciStats_rel": [
        0.6999989748001099,
        0.6999989748001099,
        0.6999989748001099
    ],
    "m_bciStats_str": [
        0.364998996257782,
        0.2999989986419678,
        0.2999989986419678
    ],
    "m_bciStats_Pause_eng": [
        0.20000000298023225,
        0.38249900937080386
    ],
    "m_bciStats_Pause_exc": [
        0.2999989986419678,
        0.38999900221824648
    ],
    "m_bciStats_Pause_foc": [
        0.5,
        0.5
    ],
    "m_bciStats_Pause_int": [
        0.25,
        0.25
    ],
    "m_bciStats_Pause_rel": [
        0.6999989748001099,
        0.6999989748001099
    ],
    "m_bciStats_Pause_str": [
        0.2999989986419678,
        0.2999989986419678
    ],
    "m_boredom": 0.2954166531562805,
    "m_frustration": 0.25999969244003298
}