{
    "m_gameSession": 10,
    "m_waveNumber": 2,
    "estimatedPlayerSkillLevel": 0.0,
    "systemWeight": 0.0,
    "m_waveDifficulty": 2.200000047683716,
    "m_waveSpawntime": 131.81614685058595,
    "m_waveSpawnDuration": 20.0,
    "m_waveMaxClearDuration": 0.0,
    "m_wavePauseDuration": 20.0,
    "m_adjustedPlayerSkillLevelGM": 0.0,
    "m_adjustedPlayerSkillLevelBCI": 0.0,
    "m_adjustedPlayerSkillLevelWeighted": 0.0,
    "m_Pause": true,
    "m_waveClearDuration": 61.634246826171878,
    "m_lostHP": 400,
    "m_lostBuildingHP": 490,
    "m_lostBuildings": 0,
    "m_healedtBuildingHP": 0,
    "m_damageDealtInCloseCombat": 530,
    "m_bciStats_eng": [
        0.75,
        0.75,
        0.75,
        0.75
    ],
    "m_bciStats_exc": [
        0.800000011920929,
        0.800000011920929,
        0.800000011920929,
        0.800000011920929
    ],
    "m_bciStats_foc": [
        0.6150000095367432,
        0.75,
        0.75,
        0.75
    ],
    "m_bciStats_int": [
        0.2524999976158142,
        0.20000000298023225,
        0.20000000298023225,
        0.20000000298023225
    ],
    "m_bciStats_rel": [
        0.25,
        0.25,
        0.25,
        0.25
    ],
    "m_bciStats_str": [
        0.5,
        0.5,
        0.5,
        0.5
    ],
    "m_bciStats_Pause_eng": [
        0.75,
        0.75
    ],
    "m_bciStats_Pause_exc": [
        0.800000011920929,
        0.800000011920929
    ],
    "m_bciStats_Pause_foc": [
        0.75,
        0.6150000095367432
    ],
    "m_bciStats_Pause_int": [
        0.20000000298023225,
        0.20000000298023225
    ],
    "m_bciStats_Pause_rel": [
        0.25,
        0.25
    ],
    "m_bciStats_Pause_str": [
        0.5,
        0.5
    ],
    "m_boredom": 0.02015599235892296,
    "m_frustration": 0.440311998128891
}