{
    "m_gameSession": 10,
    "m_waveNumber": 1,
    "estimatedPlayerSkillLevel": 0.0,
    "systemWeight": 0.0,
    "m_waveDifficulty": 1.7999999523162842,
    "m_waveSpawntime": 74.9745101928711,
    "m_waveSpawnDuration": 20.0,
    "m_waveMaxClearDuration": 0.0,
    "m_wavePauseDuration": 20.0,
    "m_adjustedPlayerSkillLevelGM": 0.0,
    "m_adjustedPlayerSkillLevelBCI": 0.0,
    "m_adjustedPlayerSkillLevelWeighted": 0.0,
    "m_Pause": true,
    "m_waveClearDuration": 56.83641815185547,
    "m_lostHP": 280,
    "m_lostBuildingHP": 20,
    "m_lostBuildings": 0,
    "m_healedtBuildingHP": 0,
    "m_damageDealtInCloseCombat": 300,
    "m_bciStats_eng": [
        0.5,
        0.39250001311302187,
        0.25,
        0.25
    ],
    "m_bciStats_exc": [
        0.5,
        0.3799990117549896,
        0.34999901056289675,
        0.34999901056289675
    ],
    "m_bciStats_foc": [
        0.2999989986419678,
        0.2999989986419678,
        0.2999989986419678,
        0.2999989986419678
    ],
    "m_bciStats_int": [
        0.5749989748001099,
        0.5999990105628967,
        0.5999990105628967,
        0.5999990105628967
    ],
    "m_bciStats_rel": [
        0.4624989926815033,
        0.34999901056289675,
        0.34999901056289675,
        0.34999901056289675
    ],
    "m_bciStats_str": [
        0.5,
        0.5,
        0.5,
        0.5
    ],
    "m_bciStats_Pause_eng": [
        0.25,
        0.7325000166893005
    ],
    "m_bciStats_Pause_exc": [
        0.34999901056289675,
        0.6549999713897705
    ],
    "m_bciStats_Pause_foc": [
        0.2999989986419678,
        0.2999989986419678
    ],
    "m_bciStats_Pause_int": [
        0.5999990105628967,
        0.5999990105628967
    ],
    "m_bciStats_Pause_rel": [
        0.34999901056289675,
        0.32999899983406069
    ],
    "m_bciStats_Pause_str": [
        0.5,
        0.5
    ],
    "m_boredom": 0.13531267642974854,
    "m_frustration": 0.2031255066394806
}