{
    "m_gameSession": 14,
    "m_waveNumber": 0,
    "m_estimatedPlayerSkillLevel": 0.4000000059604645,
    "m_systemWeight": 1.0,
    "m_waveDifficulty": 0.4000000059604645,
    "m_waveSpawntime": 56.8465576171875,
    "m_waveSpawnDuration": 20.0,
    "m_waveMaxClearDuration": 0.0,
    "m_wavePauseDuration": 20.0,
    "m_adjustedPlayerSkillLevelGM": 0.4000000059604645,
    "m_adjustedPlayerSkillLevelBCI": 0.5064062476158142,
    "m_adjustedPlayerSkillLevelWeighted": 0.5064062476158142,
    "m_Pause": true,
    "m_waveClearDuration": 57.46238708496094,
    "m_lostHP": 0,
    "m_lostBuildingHP": 0,
    "m_lostBuildings": 0,
    "m_healedtBuildingHP": 0,
    "m_damageDealtInCloseCombat": 0,
    "m_bciStats_eng": [
        0.5,
        0.3675000071525574,
        0.25,
        0.25
    ],
    "m_bciStats_exc": [
        0.5,
        0.4124999940395355,
        0.25,
        0.25
    ],
    "m_bciStats_foc": [
        0.5,
        0.44999998807907107,
        0.2999989986419678,
        0.2999989986419678
    ],
    "m_bciStats_int": [
        0.5,
        0.48750001192092898,
        0.2999989986419678,
        0.2999989986419678
    ],
    "m_bciStats_rel": [
        0.5,
        0.5,
        0.6799989938735962,
        0.6999989748001099
    ],
    "m_bciStats_str": [
        0.5,
        0.5,
        0.39249899983406069,
        0.34999901056289675
    ],
    "m_bciStats_Pause_eng": [
        0.25,
        0.25
    ],
    "m_bciStats_Pause_exc": [
        0.25,
        0.25
    ],
    "m_bciStats_Pause_foc": [
        0.2999989986419678,
        0.2999989986419678
    ],
    "m_bciStats_Pause_int": [
        0.2999989986419678,
        0.2999989986419678
    ],
    "m_bciStats_Pause_rel": [
        0.6999989748001099,
        0.6999989748001099
    ],
    "m_bciStats_Pause_str": [
        0.34999901056289675,
        0.34999901056289675
    ],
    "m_boredom": 0.12578123807907105,
    "m_frustration": 0.019375011324882509
}