{
    "m_gameSession": 29,
    "m_waveNumber": 7,
    "m_waveDifficulty": 3.200000047683716,
    "m_waveSpawntime": 505.059814453125,
    "m_waveSpawnDuration": 20.0,
    "m_waveMaxClearDuration": 0.0,
    "m_wavePauseDuration": 20.0,
    "m_adjustedDifficultyGM": 3.200000047683716,
    "m_adjustedDifficultyBCI": 3.200000047683716,
    "m_adjustedDifficultyWeighted": 3.200000047683716,
    "m_Pause": true,
    "m_waveClearDuration": 79.03070068359375,
    "m_damageDealtInCloseCombat": 1090,
    "m_unneccessaryActions": 0,
    "m_actionFrequency": 1.7961522340774537,
    "m_actionTimes": [
        16.13763427734375,
        16.6458740234375,
        17.15582275390625,
        17.66693115234375,
        18.175537109375,
        24.00537109375,
        25.2586669921875,
        26.79925537109375,
        28.2005615234375,
        33.5499267578125,
        35.764404296875,
        35.91912841796875,
        36.5338134765625,
        37.712646484375,
        38.22314453125,
        38.4459228515625,
        40.45733642578125,
        40.57366943359375,
        42.11260986328125,
        42.61676025390625,
        43.11920166015625,
        43.62286376953125,
        44.126953125,
        44.4913330078125,
        45.69610595703125,
        46.199951171875,
        46.7041015625,
        47.20648193359375,
        47.709228515625,
        48.2132568359375,
        48.47698974609375,
        50.2379150390625,
        50.46331787109375,
        50.99468994140625,
        51.49810791015625,
        52.00177001953125,
        52.47760009765625,
        53.4739990234375,
        53.97735595703125,
        54.47998046875,
        54.98370361328125,
        55.48614501953125,
        55.9903564453125,
        56.4810791015625
    ],
    "m_failedActions": 0,
    "m_performance": 0.4715454578399658,
    "m_lostHP": 450,
    "m_healedHP": 353,
    "m_healedHPPause": 97,
    "m_lostHPPercentage": 0.1940000057220459,
    "m_lostBuildingHP": 4300,
    "m_lostBuildings": 0,
    "m_healedBuildingHP": 2274,
    "m_healedBuildingHPPause": 120,
    "m_lostBuildingHPPercentage": 0.3683636486530304,
    "m_lostBuildingsPercentage": 0.0,
    "m_goldCollected": 92,
    "m_goldLost": 0,
    "m_goldProfit": 92,
    "m_boredom_GM": -0.06339287012815476,
    "m_frustration_GM": -0.6476969718933106,
    "m_bciStats_eng": [
        0.5999990105628967,
        0.5999990105628967,
        0.5999990105628967,
        0.5999990105628967,
        0.5999990105628967,
        0.5999990105628967
    ],
    "m_bciStats_exc": [
        0.5999990105628967,
        0.5999990105628967,
        0.5999990105628967,
        0.5999990105628967,
        0.5999990105628967,
        0.5999990105628967
    ],
    "m_bciStats_foc": [
        0.5999990105628967,
        0.5999990105628967,
        0.5999990105628967,
        0.5999990105628967,
        0.5999990105628967,
        0.5999990105628967
    ],
    "m_bciStats_int": [
        0.4000000059604645,
        0.4000000059604645,
        0.4000000059604645,
        0.4000000059604645,
        0.4000000059604645,
        0.4000000059604645
    ],
    "m_bciStats_rel": [
        0.4000000059604645,
        0.4000000059604645,
        0.4000000059604645,
        0.4000000059604645,
        0.4000000059604645,
        0.4000000059604645
    ],
    "m_bciStats_str": [
        0.5999990105628967,
        0.5999990105628967,
        0.5999990105628967,
        0.5999990105628967,
        0.5999990105628967,
        0.5999990105628967
    ],
    "m_bciStats_Pause_eng": [
        0.5999990105628967,
        0.5999990105628967
    ],
    "m_bciStats_Pause_exc": [
        0.5999990105628967,
        0.5999990105628967
    ],
    "m_bciStats_Pause_foc": [
        0.5999990105628967,
        0.5999990105628967
    ],
    "m_bciStats_Pause_int": [
        0.4000000059604645,
        0.4000000059604645
    ],
    "m_bciStats_Pause_rel": [
        0.4000000059604645,
        0.4000000059604645
    ],
    "m_bciStats_Pause_str": [
        0.5999990105628967,
        0.5999990105628967
    ],
    "m_boredom_BCI": 0.0,
    "m_frustration_BCI": 0.0
}