{
    "m_gameSession": 29,
    "m_waveNumber": 11,
    "m_waveDifficulty": 4.800000190734863,
    "m_waveSpawntime": 776.8532104492188,
    "m_waveSpawnDuration": 20.0,
    "m_waveMaxClearDuration": 0.0,
    "m_wavePauseDuration": 20.0,
    "m_adjustedDifficultyGM": 6.569322109222412,
    "m_adjustedDifficultyBCI": 4.800000190734863,
    "m_adjustedDifficultyWeighted": 4.800000190734863,
    "m_Pause": true,
    "m_waveClearDuration": 71.09320068359375,
    "m_damageDealtInCloseCombat": 1635,
    "m_unneccessaryActions": 2,
    "m_actionFrequency": 0.9232883453369141,
    "m_actionTimes": [
        0.90399169921875,
        3.50341796875,
        5.3277587890625,
        5.48541259765625,
        5.9931640625,
        6.498291015625,
        7.37542724609375,
        9.9759521484375,
        10.48590087890625,
        10.992431640625,
        11.50164794921875,
        12.0550537109375,
        12.306640625,
        12.8134765625,
        13.3184814453125,
        13.8173828125,
        14.14581298828125,
        14.65155029296875,
        15.15911865234375,
        15.66473388671875,
        16.06951904296875,
        16.32379150390625,
        16.82904052734375,
        17.337158203125,
        17.89892578125,
        19.1484375,
        20.54278564453125,
        22.00054931640625,
        23.5828857421875,
        24.989990234375,
        26.8321533203125,
        28.6156005859375,
        31.77667236328125,
        31.97601318359375,
        32.4835205078125,
        33.14263916015625,
        33.65008544921875,
        34.1539306640625,
        34.65802001953125,
        35.16070556640625,
        35.6646728515625,
        36.169921875,
        36.67437744140625,
        36.80206298828125,
        38.1646728515625,
        38.6676025390625,
        39.1724853515625,
        39.67572021484375,
        40.17840576171875,
        40.68072509765625,
        41.1842041015625,
        41.6871337890625,
        42.1903076171875,
        42.6953125,
        43.8392333984375,
        44.3419189453125,
        44.8443603515625,
        45.34710693359375,
        45.8507080078125,
        46.3538818359375,
        46.78216552734375,
        47.7716064453125,
        48.2744140625,
        48.778076171875,
        49.2818603515625,
        49.78741455078125,
        50.33856201171875,
        50.5885009765625,
        51.09136962890625,
        52.44720458984375,
        53.7490234375,
        55.20379638671875,
        56.54766845703125,
        58.04742431640625,
        59.5914306640625,
        61.16046142578125,
        69.40350341796875
    ],
    "m_failedActions": 0,
    "m_performance": 1.0,
    "m_lostHP": 250,
    "m_healedHP": 250,
    "m_healedHPPause": 0,
    "m_lostHPPercentage": 0.0,
    "m_lostBuildingHP": 3200,
    "m_lostBuildings": 0,
    "m_healedBuildingHP": 3961,
    "m_healedBuildingHPPause": 0,
    "m_lostBuildingHPPercentage": -0.15219999849796296,
    "m_lostBuildingsPercentage": 0.0,
    "m_goldCollected": 164,
    "m_goldLost": 0,
    "m_goldProfit": 164,
    "m_boredom_GM": 0.368608683347702,
    "m_frustration_GM": -1.0,
    "m_bciStats_eng": [
        0.5999990105628967,
        0.5999990105628967,
        0.5999990105628967,
        0.5999990105628967,
        0.5999990105628967,
        0.5999990105628967
    ],
    "m_bciStats_exc": [
        0.5999990105628967,
        0.5999990105628967,
        0.5999990105628967,
        0.5999990105628967,
        0.5999990105628967,
        0.5999990105628967
    ],
    "m_bciStats_foc": [
        0.5999990105628967,
        0.5999990105628967,
        0.5999990105628967,
        0.5999990105628967,
        0.5999990105628967,
        0.5999990105628967
    ],
    "m_bciStats_int": [
        0.4000000059604645,
        0.4000000059604645,
        0.4000000059604645,
        0.4000000059604645,
        0.4000000059604645,
        0.4000000059604645
    ],
    "m_bciStats_rel": [
        0.4000000059604645,
        0.4000000059604645,
        0.4000000059604645,
        0.4000000059604645,
        0.4000000059604645,
        0.4000000059604645
    ],
    "m_bciStats_str": [
        0.5999990105628967,
        0.5999990105628967,
        0.5999990105628967,
        0.5999990105628967,
        0.5999990105628967,
        0.5999990105628967
    ],
    "m_bciStats_Pause_eng": [
        0.5999990105628967,
        0.5999990105628967
    ],
    "m_bciStats_Pause_exc": [
        0.5999990105628967,
        0.5999990105628967
    ],
    "m_bciStats_Pause_foc": [
        0.5999990105628967,
        0.5999990105628967
    ],
    "m_bciStats_Pause_int": [
        0.4000000059604645,
        0.4000000059604645
    ],
    "m_bciStats_Pause_rel": [
        0.4000000059604645,
        0.4000000059604645
    ],
    "m_bciStats_Pause_str": [
        0.5999990105628967,
        0.5999990105628967
    ],
    "m_boredom_BCI": 0.0,
    "m_frustration_BCI": 0.0
}