{
    "m_gameSession": 29,
    "m_waveNumber": 10,
    "m_waveDifficulty": 4.400000095367432,
    "m_waveSpawntime": 715.0745849609375,
    "m_waveSpawnDuration": 20.0,
    "m_waveMaxClearDuration": 0.0,
    "m_wavePauseDuration": 20.0,
    "m_adjustedDifficultyGM": 5.4643049240112309,
    "m_adjustedDifficultyBCI": 4.400000095367432,
    "m_adjustedDifficultyWeighted": 4.400000095367432,
    "m_Pause": true,
    "m_waveClearDuration": 61.7755126953125,
    "m_damageDealtInCloseCombat": 990,
    "m_unneccessaryActions": 1,
    "m_actionFrequency": 1.7650146484375,
    "m_actionTimes": [
        3.0152587890625,
        15.44940185546875,
        16.90142822265625,
        25.51904296875,
        26.79046630859375,
        28.73486328125,
        29.6058349609375,
        30.111328125,
        30.18280029296875,
        30.86627197265625,
        31.37054443359375,
        31.8740234375,
        32.3775634765625,
        32.8228759765625,
        32.8802490234375,
        33.38397216796875,
        33.8870849609375,
        34.39361572265625,
        34.94000244140625,
        35.7901611328125,
        36.293701171875,
        36.79736328125,
        37.299560546875,
        37.80194091796875,
        38.30609130859375,
        38.81085205078125,
        39.314697265625,
        39.81878662109375,
        40.32159423828125,
        40.8255615234375,
        41.32843017578125,
        41.83184814453125,
        42.35546875,
        54.74658203125,
        57.60430908203125
    ],
    "m_failedActions": 1,
    "m_performance": 0.9800000190734863,
    "m_lostHP": 290,
    "m_healedHP": 290,
    "m_healedHPPause": 0,
    "m_lostHPPercentage": 0.0,
    "m_lostBuildingHP": 3190,
    "m_lostBuildings": 0,
    "m_healedBuildingHP": 3754,
    "m_healedBuildingHPPause": 490,
    "m_lostBuildingHPPercentage": -0.1128000020980835,
    "m_lostBuildingsPercentage": 0.0,
    "m_goldCollected": 102,
    "m_goldLost": 0,
    "m_goldProfit": 102,
    "m_boredom_GM": 0.2418874204158783,
    "m_frustration_GM": -0.9200000166893005,
    "m_bciStats_eng": [
        0.5999990105628967,
        0.5999990105628967,
        0.5999990105628967,
        0.5999990105628967
    ],
    "m_bciStats_exc": [
        0.5999990105628967,
        0.5999990105628967,
        0.5999990105628967,
        0.5999990105628967
    ],
    "m_bciStats_foc": [
        0.5999990105628967,
        0.5999990105628967,
        0.5999990105628967,
        0.5999990105628967
    ],
    "m_bciStats_int": [
        0.4000000059604645,
        0.4000000059604645,
        0.4000000059604645,
        0.4000000059604645
    ],
    "m_bciStats_rel": [
        0.4000000059604645,
        0.4000000059604645,
        0.4000000059604645,
        0.4000000059604645
    ],
    "m_bciStats_str": [
        0.5999990105628967,
        0.5999990105628967,
        0.5999990105628967,
        0.5999990105628967
    ],
    "m_bciStats_Pause_eng": [
        0.5999990105628967,
        0.5999990105628967
    ],
    "m_bciStats_Pause_exc": [
        0.5999990105628967,
        0.5999990105628967
    ],
    "m_bciStats_Pause_foc": [
        0.5999990105628967,
        0.5999990105628967
    ],
    "m_bciStats_Pause_int": [
        0.4000000059604645,
        0.4000000059604645
    ],
    "m_bciStats_Pause_rel": [
        0.4000000059604645,
        0.4000000059604645
    ],
    "m_bciStats_Pause_str": [
        0.5999990105628967,
        0.5999990105628967
    ],
    "m_boredom_BCI": 0.0,
    "m_frustration_BCI": 0.0
}