{
    "m_gameSession": 29,
    "m_waveNumber": 1,
    "m_waveDifficulty": 0.800000011920929,
    "m_waveSpawntime": 174.1591033935547,
    "m_waveSpawnDuration": 20.0,
    "m_waveMaxClearDuration": 0.0,
    "m_wavePauseDuration": 20.0,
    "m_adjustedDifficultyGM": 0.800000011920929,
    "m_adjustedDifficultyBCI": 0.800000011920929,
    "m_adjustedDifficultyWeighted": 0.800000011920929,
    "m_Pause": true,
    "m_waveClearDuration": 57.6953125,
    "m_damageDealtInCloseCombat": 160,
    "m_unneccessaryActions": 0,
    "m_actionFrequency": 2.307812452316284,
    "m_actionTimes": [
        4.8515472412109379,
        6.4047088623046879,
        7.6679229736328129,
        8.170654296875,
        8.675369262695313,
        9.180130004882813,
        10.814865112304688,
        11.319869995117188,
        26.554595947265626,
        27.906967163085939,
        29.154937744140626,
        30.842941284179689,
        31.06982421875,
        31.575225830078126,
        32.07951354980469,
        32.58473205566406,
        34.36531066894531,
        34.633026123046878,
        35.13584899902344,
        35.63861083984375,
        36.14097595214844,
        36.64471435546875,
        37.191314697265628,
        37.69488525390625,
        38.92799377441406
    ],
    "m_failedActions": 0,
    "m_performance": 0.3607727289199829,
    "m_lostHP": 70,
    "m_healedHP": 25,
    "m_healedHPPause": 45,
    "m_lostHPPercentage": 0.09000000357627869,
    "m_lostBuildingHP": 150,
    "m_lostBuildings": 1,
    "m_healedBuildingHP": 40,
    "m_healedBuildingHPPause": 0,
    "m_lostBuildingHPPercentage": 0.04399999976158142,
    "m_lostBuildingsPercentage": 0.20000000298023225,
    "m_goldCollected": 18,
    "m_goldLost": 1,
    "m_goldProfit": 17,
    "m_boredom_GM": -0.09244438260793686,
    "m_frustration_GM": -0.5738484859466553,
    "m_bciStats_eng": [
        0.5999990105628967,
        0.5999990105628967,
        0.5999990105628967,
        0.5999990105628967
    ],
    "m_bciStats_exc": [
        0.5999990105628967,
        0.5999990105628967,
        0.5999990105628967,
        0.5999990105628967
    ],
    "m_bciStats_foc": [
        0.5999990105628967,
        0.5999990105628967,
        0.5999990105628967,
        0.5999990105628967
    ],
    "m_bciStats_int": [
        0.4000000059604645,
        0.4000000059604645,
        0.4000000059604645,
        0.4000000059604645
    ],
    "m_bciStats_rel": [
        0.4000000059604645,
        0.4000000059604645,
        0.4000000059604645,
        0.4000000059604645
    ],
    "m_bciStats_str": [
        0.5999990105628967,
        0.5999990105628967,
        0.5999990105628967,
        0.5999990105628967
    ],
    "m_bciStats_Pause_eng": [
        0.5999990105628967,
        0.5999990105628967
    ],
    "m_bciStats_Pause_exc": [
        0.5999990105628967,
        0.5999990105628967
    ],
    "m_bciStats_Pause_foc": [
        0.5999990105628967,
        0.5999990105628967
    ],
    "m_bciStats_Pause_int": [
        0.4000000059604645,
        0.4000000059604645
    ],
    "m_bciStats_Pause_rel": [
        0.4000000059604645,
        0.4000000059604645
    ],
    "m_bciStats_Pause_str": [
        0.5999990105628967,
        0.5999990105628967
    ],
    "m_boredom_BCI": 0.0,
    "m_frustration_BCI": 0.0
}