{
    "m_gameSession": 29,
    "m_waveNumber": 3,
    "m_waveDifficulty": 1.600000023841858,
    "m_waveSpawntime": 287.48974609375,
    "m_waveSpawnDuration": 20.0,
    "m_waveMaxClearDuration": 0.0,
    "m_wavePauseDuration": 20.0,
    "m_adjustedDifficultyGM": 1.600000023841858,
    "m_adjustedDifficultyBCI": 1.600000023841858,
    "m_adjustedDifficultyWeighted": 1.600000023841858,
    "m_Pause": true,
    "m_waveClearDuration": 53.106842041015628,
    "m_damageDealtInCloseCombat": 440,
    "m_unneccessaryActions": 0,
    "m_actionFrequency": 1.4353200197219849,
    "m_actionTimes": [
        0.373291015625,
        3.1998291015625,
        5.570587158203125,
        11.745086669921875,
        13.31744384765625,
        14.930999755859375,
        17.055908203125,
        18.26751708984375,
        19.89532470703125,
        21.85791015625,
        23.13165283203125,
        24.96124267578125,
        26.91375732421875,
        27.176513671875,
        27.680999755859376,
        28.186492919921876,
        28.690032958984376,
        29.195220947265626,
        29.4788818359375,
        29.699249267578126,
        30.204010009765626,
        30.70611572265625,
        30.922515869140626,
        31.209228515625,
        31.7120361328125,
        32.214935302734378,
        32.864837646484378,
        33.10528564453125,
        35.520843505859378,
        36.02288818359375,
        36.525543212890628,
        37.027557373046878,
        37.53070068359375,
        38.03424072265625,
        38.537200927734378,
        39.041259765625,
        51.70849609375
    ],
    "m_failedActions": 2,
    "m_performance": 0.24074073135852815,
    "m_lostHP": 190,
    "m_healedHP": 30,
    "m_healedHPPause": 127,
    "m_lostHPPercentage": 0.3199999928474426,
    "m_lostBuildingHP": 290,
    "m_lostBuildings": 1,
    "m_healedBuildingHP": 0,
    "m_healedBuildingHPPause": 90,
    "m_lostBuildingHPPercentage": 0.06444444507360459,
    "m_lostBuildingsPercentage": 0.1111111119389534,
    "m_goldCollected": 41,
    "m_goldLost": 7,
    "m_goldProfit": 34,
    "m_boredom_GM": -0.10140237957239151,
    "m_frustration_GM": -0.36049383878707888,
    "m_bciStats_eng": [
        0.5999990105628967,
        0.5999990105628967,
        0.5999990105628967
    ],
    "m_bciStats_exc": [
        0.5999990105628967,
        0.5999990105628967,
        0.5999990105628967
    ],
    "m_bciStats_foc": [
        0.5999990105628967,
        0.5999990105628967,
        0.5999990105628967
    ],
    "m_bciStats_int": [
        0.4000000059604645,
        0.4000000059604645,
        0.4000000059604645
    ],
    "m_bciStats_rel": [
        0.4000000059604645,
        0.4000000059604645,
        0.4000000059604645
    ],
    "m_bciStats_str": [
        0.5999990105628967,
        0.5999990105628967,
        0.5999990105628967
    ],
    "m_bciStats_Pause_eng": [
        0.5999990105628967,
        0.5999990105628967
    ],
    "m_bciStats_Pause_exc": [
        0.5999990105628967,
        0.5999990105628967
    ],
    "m_bciStats_Pause_foc": [
        0.5999990105628967,
        0.5999990105628967
    ],
    "m_bciStats_Pause_int": [
        0.4000000059604645,
        0.4000000059604645
    ],
    "m_bciStats_Pause_rel": [
        0.4000000059604645,
        0.4000000059604645
    ],
    "m_bciStats_Pause_str": [
        0.5999990105628967,
        0.5999990105628967
    ],
    "m_boredom_BCI": 0.0,
    "m_frustration_BCI": 0.0
}