{
    "m_gameSession": 29,
    "m_waveNumber": 2,
    "m_waveDifficulty": 1.2000000476837159,
    "m_waveSpawntime": 231.85658264160157,
    "m_waveSpawnDuration": 20.0,
    "m_waveMaxClearDuration": 0.0,
    "m_wavePauseDuration": 20.0,
    "m_adjustedDifficultyGM": 1.2000000476837159,
    "m_adjustedDifficultyBCI": 1.2000000476837159,
    "m_adjustedDifficultyWeighted": 1.2000000476837159,
    "m_Pause": true,
    "m_waveClearDuration": 55.63084411621094,
    "m_damageDealtInCloseCombat": 320,
    "m_unneccessaryActions": 0,
    "m_actionFrequency": 2.7815423011779787,
    "m_actionTimes": [
        16.694992065429689,
        20.441619873046876,
        22.919631958007814,
        24.348342895507814,
        25.656326293945314,
        27.703659057617189,
        30.932693481445314,
        31.100906372070314,
        31.604385375976564,
        32.10850524902344,
        32.61109924316406,
        33.11476135253906,
        33.30863952636719,
        33.61860656738281,
        34.12254333496094,
        34.62544250488281,
        35.12742614746094,
        35.62950134277344,
        44.40486145019531,
        54.16407775878906
    ],
    "m_failedActions": 1,
    "m_performance": 0.2724074125289917,
    "m_lostHP": 120,
    "m_healedHP": 20,
    "m_healedHPPause": 100,
    "m_lostHPPercentage": 0.20000000298023225,
    "m_lostBuildingHP": 410,
    "m_lostBuildings": 1,
    "m_healedBuildingHP": 0,
    "m_healedBuildingHPPause": 0,
    "m_lostBuildingHPPercentage": 0.09111110866069794,
    "m_lostBuildingsPercentage": 0.1111111119389534,
    "m_goldCollected": 31,
    "m_goldLost": 3,
    "m_goldProfit": 28,
    "m_boredom_GM": -0.15157268941402436,
    "m_frustration_GM": -0.44827160239219668,
    "m_bciStats_eng": [
        0.5999990105628967,
        0.5999990105628967,
        0.5999990105628967,
        0.5999990105628967
    ],
    "m_bciStats_exc": [
        0.5999990105628967,
        0.5999990105628967,
        0.5999990105628967,
        0.5999990105628967
    ],
    "m_bciStats_foc": [
        0.5999990105628967,
        0.5999990105628967,
        0.5999990105628967,
        0.5999990105628967
    ],
    "m_bciStats_int": [
        0.4000000059604645,
        0.4000000059604645,
        0.4000000059604645,
        0.4000000059604645
    ],
    "m_bciStats_rel": [
        0.4000000059604645,
        0.4000000059604645,
        0.4000000059604645,
        0.4000000059604645
    ],
    "m_bciStats_str": [
        0.5999990105628967,
        0.5999990105628967,
        0.5999990105628967,
        0.5999990105628967
    ],
    "m_bciStats_Pause_eng": [
        0.5999990105628967,
        0.5999990105628967
    ],
    "m_bciStats_Pause_exc": [
        0.5999990105628967,
        0.5999990105628967
    ],
    "m_bciStats_Pause_foc": [
        0.5999990105628967,
        0.5999990105628967
    ],
    "m_bciStats_Pause_int": [
        0.4000000059604645,
        0.4000000059604645
    ],
    "m_bciStats_Pause_rel": [
        0.4000000059604645,
        0.4000000059604645
    ],
    "m_bciStats_Pause_str": [
        0.5999990105628967,
        0.5999990105628967
    ],
    "m_boredom_BCI": 0.0,
    "m_frustration_BCI": 0.0
}