{
    "m_gameSession": 29,
    "m_waveNumber": 6,
    "m_waveDifficulty": 2.799999952316284,
    "m_waveSpawntime": 452.09368896484377,
    "m_waveSpawnDuration": 20.0,
    "m_waveMaxClearDuration": 0.0,
    "m_wavePauseDuration": 20.0,
    "m_adjustedDifficultyGM": 2.799999952316284,
    "m_adjustedDifficultyBCI": 2.799999952316284,
    "m_adjustedDifficultyWeighted": 2.799999952316284,
    "m_Pause": true,
    "m_waveClearDuration": 52.96319580078125,
    "m_damageDealtInCloseCombat": 460,
    "m_unneccessaryActions": 0,
    "m_actionFrequency": 1.7654398679733277,
    "m_actionTimes": [
        4.122467041015625,
        7.217254638671875,
        9.150115966796875,
        10.749603271484375,
        12.44769287109375,
        13.9365234375,
        15.39398193359375,
        16.697723388671876,
        18.875457763671876,
        20.76202392578125,
        23.3302001953125,
        23.56842041015625,
        24.0772705078125,
        25.39105224609375,
        25.645538330078126,
        26.150421142578126,
        26.656097412109376,
        27.164764404296876,
        28.9892578125,
        29.207916259765626,
        29.710693359375,
        30.236907958984376,
        30.625274658203126,
        30.785797119140626,
        31.289459228515626,
        31.79248046875,
        32.27252197265625,
        32.457977294921878,
        32.960784912109378,
        34.0826416015625
    ],
    "m_failedActions": 1,
    "m_performance": 0.2698333263397217,
    "m_lostHP": 250,
    "m_healedHP": 77,
    "m_healedHPPause": 173,
    "m_lostHPPercentage": 0.34599998593330386,
    "m_lostBuildingHP": 1960,
    "m_lostBuildings": 1,
    "m_healedBuildingHP": 1348,
    "m_healedBuildingHPPause": 290,
    "m_lostBuildingHPPercentage": 0.11127272993326187,
    "m_lostBuildingsPercentage": 0.09090909361839295,
    "m_goldCollected": 61,
    "m_goldLost": 10,
    "m_goldProfit": 51,
    "m_boredom_GM": -0.09202335774898529,
    "m_frustration_GM": -0.44655555486679079,
    "m_bciStats_eng": [
        0.5999990105628967,
        0.5999990105628967,
        0.5999990105628967
    ],
    "m_bciStats_exc": [
        0.5999990105628967,
        0.5999990105628967,
        0.5999990105628967
    ],
    "m_bciStats_foc": [
        0.5999990105628967,
        0.5999990105628967,
        0.5999990105628967
    ],
    "m_bciStats_int": [
        0.4000000059604645,
        0.4000000059604645,
        0.4000000059604645
    ],
    "m_bciStats_rel": [
        0.4000000059604645,
        0.4000000059604645,
        0.4000000059604645
    ],
    "m_bciStats_str": [
        0.5999990105628967,
        0.5999990105628967,
        0.5999990105628967
    ],
    "m_bciStats_Pause_eng": [
        0.5999990105628967,
        0.5999990105628967
    ],
    "m_bciStats_Pause_exc": [
        0.5999990105628967,
        0.5999990105628967
    ],
    "m_bciStats_Pause_foc": [
        0.5999990105628967,
        0.5999990105628967
    ],
    "m_bciStats_Pause_int": [
        0.4000000059604645,
        0.4000000059604645
    ],
    "m_bciStats_Pause_rel": [
        0.4000000059604645,
        0.4000000059604645
    ],
    "m_bciStats_Pause_str": [
        0.5999990105628967,
        0.5999990105628967
    ],
    "m_boredom_BCI": 0.0,
    "m_frustration_BCI": 0.0
}