{
    "m_gameSession": 29,
    "m_waveNumber": 4,
    "m_waveDifficulty": 2.0,
    "m_waveSpawntime": 340.6087951660156,
    "m_waveSpawnDuration": 20.0,
    "m_waveMaxClearDuration": 0.0,
    "m_wavePauseDuration": 20.0,
    "m_adjustedDifficultyGM": 2.281266927719116,
    "m_adjustedDifficultyBCI": 2.0,
    "m_adjustedDifficultyWeighted": 2.0,
    "m_Pause": true,
    "m_waveClearDuration": 55.823944091796878,
    "m_damageDealtInCloseCombat": 520,
    "m_unneccessaryActions": 0,
    "m_actionFrequency": 1.1629987955093384,
    "m_actionTimes": [
        1.02789306640625,
        3.894805908203125,
        5.41265869140625,
        6.6710205078125,
        8.693817138671875,
        8.9034423828125,
        9.406982421875,
        9.912139892578125,
        10.925506591796875,
        11.074737548828125,
        11.577850341796875,
        12.0823974609375,
        12.58807373046875,
        13.09112548828125,
        14.28125,
        14.465362548828125,
        14.968902587890625,
        15.4735107421875,
        15.9771728515625,
        16.482940673828126,
        16.71734619140625,
        16.985809326171876,
        17.491180419921876,
        17.99456787109375,
        18.50030517578125,
        19.70477294921875,
        27.250244140625,
        27.449951171875,
        27.952239990234376,
        28.4569091796875,
        28.962127685546876,
        29.826385498046876,
        30.024505615234376,
        30.52850341796875,
        31.0322265625,
        31.629486083984376,
        31.808074951171876,
        32.311492919921878,
        33.558349609375,
        33.808013916015628,
        34.3126220703125,
        34.81549072265625,
        35.318817138671878,
        35.8221435546875,
        36.37994384765625,
        37.878875732421878,
        46.613128662109378,
        50.7205810546875
    ],
    "m_failedActions": 2,
    "m_performance": 0.7673333287239075,
    "m_lostHP": 210,
    "m_healedHP": 217,
    "m_healedHPPause": 26,
    "m_lostHPPercentage": -0.014000000432133675,
    "m_lostBuildingHP": 1000,
    "m_lostBuildings": 0,
    "m_healedBuildingHP": 583,
    "m_healedBuildingHPPause": 227,
    "m_lostBuildingHPPercentage": 0.09266666322946549,
    "m_lostBuildingsPercentage": 0.0,
    "m_goldCollected": 54,
    "m_goldLost": 0,
    "m_goldProfit": 54,
    "m_boredom_GM": 0.1406334489583969,
    "m_frustration_GM": -0.711555540561676,
    "m_bciStats_eng": [
        0.5999990105628967,
        0.5999990105628967,
        0.5999990105628967
    ],
    "m_bciStats_exc": [
        0.5999990105628967,
        0.5999990105628967,
        0.5999990105628967
    ],
    "m_bciStats_foc": [
        0.5999990105628967,
        0.5999990105628967,
        0.5999990105628967
    ],
    "m_bciStats_int": [
        0.4000000059604645,
        0.4000000059604645,
        0.4000000059604645
    ],
    "m_bciStats_rel": [
        0.4000000059604645,
        0.4000000059604645,
        0.4000000059604645
    ],
    "m_bciStats_str": [
        0.5999990105628967,
        0.5999990105628967,
        0.5999990105628967
    ],
    "m_bciStats_Pause_eng": [
        0.5999990105628967,
        0.5999990105628967
    ],
    "m_bciStats_Pause_exc": [
        0.5999990105628967,
        0.5999990105628967
    ],
    "m_bciStats_Pause_foc": [
        0.5999990105628967,
        0.5999990105628967
    ],
    "m_bciStats_Pause_int": [
        0.4000000059604645,
        0.4000000059604645
    ],
    "m_bciStats_Pause_rel": [
        0.4000000059604645,
        0.4000000059604645
    ],
    "m_bciStats_Pause_str": [
        0.5999990105628967,
        0.5999990105628967
    ],
    "m_boredom_BCI": 0.0,
    "m_frustration_BCI": 0.0
}