{
    "m_gameSession": 29,
    "m_waveNumber": 9,
    "m_waveDifficulty": 4.0,
    "m_waveSpawntime": 649.3087158203125,
    "m_waveSpawnDuration": 20.0,
    "m_waveMaxClearDuration": 0.0,
    "m_wavePauseDuration": 20.0,
    "m_adjustedDifficultyGM": 4.614910125732422,
    "m_adjustedDifficultyBCI": 4.0,
    "m_adjustedDifficultyWeighted": 4.0,
    "m_Pause": true,
    "m_waveClearDuration": 65.76361083984375,
    "m_damageDealtInCloseCombat": 1140,
    "m_unneccessaryActions": 0,
    "m_actionFrequency": 0.9815464019775391,
    "m_actionTimes": [
        6.53875732421875,
        8.5787353515625,
        10.134765625,
        11.98504638671875,
        12.15057373046875,
        12.66021728515625,
        14.20037841796875,
        15.35382080078125,
        15.8642578125,
        16.3726806640625,
        16.880859375,
        17.39276123046875,
        17.9005126953125,
        19.78607177734375,
        20.0576171875,
        20.5687255859375,
        21.08056640625,
        21.46905517578125,
        22.3582763671875,
        22.86712646484375,
        23.3753662109375,
        23.8853759765625,
        24.3948974609375,
        25.0067138671875,
        25.514892578125,
        25.83514404296875,
        26.65533447265625,
        27.1605224609375,
        27.66796875,
        28.1715087890625,
        28.5074462890625,
        29.15057373046875,
        29.65325927734375,
        29.97344970703125,
        30.80352783203125,
        31.3077392578125,
        31.8116455078125,
        32.317138671875,
        32.69635009765625,
        33.12640380859375,
        33.62994384765625,
        34.1346435546875,
        34.22344970703125,
        35.12939453125,
        35.63299560546875,
        36.61981201171875,
        37.07513427734375,
        37.2701416015625,
        37.88177490234375,
        38.38665771484375,
        38.88922119140625,
        39.60430908203125,
        40.10845947265625,
        40.6107177734375,
        41.1131591796875,
        41.19940185546875,
        42.32781982421875,
        42.83221435546875,
        43.33477783203125,
        43.83709716796875,
        44.33984375,
        44.84271240234375,
        45.10113525390625,
        45.761962890625,
        46.4864501953125,
        47.74139404296875,
        63.8541259765625
    ],
    "m_failedActions": 1,
    "m_performance": 0.7720666527748108,
    "m_lostHP": 270,
    "m_healedHP": 273,
    "m_healedHPPause": 0,
    "m_lostHPPercentage": -0.006000000052154064,
    "m_lostBuildingHP": 2940,
    "m_lostBuildings": 1,
    "m_healedBuildingHP": 2842,
    "m_healedBuildingHPPause": 684,
    "m_lostBuildingHPPercentage": 0.019600000232458116,
    "m_lostBuildingsPercentage": 0.10000000149011612,
    "m_goldCollected": 130,
    "m_goldLost": 4,
    "m_goldProfit": 126,
    "m_boredom_GM": 0.15372757613658906,
    "m_frustration_GM": -0.7813777923583984,
    "m_bciStats_eng": [
        0.5999990105628967,
        0.5999990105628967,
        0.5999990105628967,
        0.5999990105628967
    ],
    "m_bciStats_exc": [
        0.5999990105628967,
        0.5999990105628967,
        0.5999990105628967,
        0.5999990105628967
    ],
    "m_bciStats_foc": [
        0.5999990105628967,
        0.5999990105628967,
        0.5999990105628967,
        0.5999990105628967
    ],
    "m_bciStats_int": [
        0.4000000059604645,
        0.4000000059604645,
        0.4000000059604645,
        0.4000000059604645
    ],
    "m_bciStats_rel": [
        0.4000000059604645,
        0.4000000059604645,
        0.4000000059604645,
        0.4000000059604645
    ],
    "m_bciStats_str": [
        0.5999990105628967,
        0.5999990105628967,
        0.5999990105628967,
        0.5999990105628967
    ],
    "m_bciStats_Pause_eng": [
        0.5999990105628967,
        0.5999990105628967
    ],
    "m_bciStats_Pause_exc": [
        0.5999990105628967,
        0.5999990105628967
    ],
    "m_bciStats_Pause_foc": [
        0.5999990105628967,
        0.5999990105628967
    ],
    "m_bciStats_Pause_int": [
        0.4000000059604645,
        0.4000000059604645
    ],
    "m_bciStats_Pause_rel": [
        0.4000000059604645,
        0.4000000059604645
    ],
    "m_bciStats_Pause_str": [
        0.5999990105628967,
        0.5999990105628967
    ],
    "m_boredom_BCI": 0.0,
    "m_frustration_BCI": 0.0
}