{
    "m_gameSession": 29,
    "m_waveNumber": 8,
    "m_waveDifficulty": 3.6000001430511476,
    "m_waveSpawntime": 584.093505859375,
    "m_waveSpawnDuration": 20.0,
    "m_waveMaxClearDuration": 0.0,
    "m_wavePauseDuration": 20.0,
    "m_adjustedDifficultyGM": 3.6000001430511476,
    "m_adjustedDifficultyBCI": 3.6000001430511476,
    "m_adjustedDifficultyWeighted": 3.6000001430511476,
    "m_Pause": true,
    "m_waveClearDuration": 65.212890625,
    "m_damageDealtInCloseCombat": 850,
    "m_unneccessaryActions": 0,
    "m_actionFrequency": 1.5526878833770753,
    "m_actionTimes": [
        16.8768310546875,
        18.4268798828125,
        18.6947021484375,
        19.2083740234375,
        20.26019287109375,
        20.7705078125,
        21.28094482421875,
        21.78643798828125,
        22.09320068359375,
        24.18701171875,
        24.3831787109375,
        24.891845703125,
        25.60162353515625,
        25.813232421875,
        32.88018798828125,
        38.88873291015625,
        39.1072998046875,
        40.4940185546875,
        40.99951171875,
        41.503173828125,
        42.00762939453125,
        42.5101318359375,
        43.01312255859375,
        43.35601806640625,
        43.69561767578125,
        44.1995849609375,
        44.7093505859375,
        45.21246337890625,
        46.388916015625,
        48.9278564453125,
        49.43157958984375,
        49.9349365234375,
        50.4385986328125,
        50.94134521484375,
        51.4434814453125,
        51.9461669921875,
        52.44940185546875,
        52.95269775390625,
        53.455810546875,
        53.958984375,
        54.46209716796875,
        54.96551513671875
    ],
    "m_failedActions": 1,
    "m_performance": 0.10781817138195038,
    "m_lostHP": 520,
    "m_healedHP": 297,
    "m_healedHPPause": 220,
    "m_lostHPPercentage": 0.44600000977516177,
    "m_lostBuildingHP": 3980,
    "m_lostBuildings": 1,
    "m_healedBuildingHP": 2482,
    "m_healedBuildingHPPause": 711,
    "m_lostBuildingHPPercentage": 0.2723636329174042,
    "m_lostBuildingsPercentage": 0.09090909361839295,
    "m_goldCollected": 63,
    "m_goldLost": 5,
    "m_goldProfit": 58,
    "m_boredom_GM": -0.1555057168006897,
    "m_frustration_GM": -0.33854544162750246,
    "m_bciStats_eng": [
        0.5999990105628967,
        0.5999990105628967,
        0.5999990105628967,
        0.5999990105628967,
        0.5999990105628967
    ],
    "m_bciStats_exc": [
        0.5999990105628967,
        0.5999990105628967,
        0.5999990105628967,
        0.5999990105628967,
        0.5999990105628967
    ],
    "m_bciStats_foc": [
        0.5999990105628967,
        0.5999990105628967,
        0.5999990105628967,
        0.5999990105628967,
        0.5999990105628967
    ],
    "m_bciStats_int": [
        0.4000000059604645,
        0.4000000059604645,
        0.4000000059604645,
        0.4000000059604645,
        0.4000000059604645
    ],
    "m_bciStats_rel": [
        0.4000000059604645,
        0.4000000059604645,
        0.4000000059604645,
        0.4000000059604645,
        0.4000000059604645
    ],
    "m_bciStats_str": [
        0.5999990105628967,
        0.5999990105628967,
        0.5999990105628967,
        0.5999990105628967,
        0.5999990105628967
    ],
    "m_bciStats_Pause_eng": [
        0.5999990105628967,
        0.5999990105628967
    ],
    "m_bciStats_Pause_exc": [
        0.5999990105628967,
        0.5999990105628967
    ],
    "m_bciStats_Pause_foc": [
        0.5999990105628967,
        0.5999990105628967
    ],
    "m_bciStats_Pause_int": [
        0.4000000059604645,
        0.4000000059604645
    ],
    "m_bciStats_Pause_rel": [
        0.4000000059604645,
        0.4000000059604645
    ],
    "m_bciStats_Pause_str": [
        0.5999990105628967,
        0.5999990105628967
    ],
    "m_boredom_BCI": 0.0,
    "m_frustration_BCI": 0.0
}