{
    "m_gameSession": 29,
    "m_waveNumber": 5,
    "m_waveDifficulty": 2.4000000953674318,
    "m_waveSpawntime": 396.43463134765627,
    "m_waveSpawnDuration": 20.0,
    "m_waveMaxClearDuration": 0.0,
    "m_wavePauseDuration": 20.0,
    "m_adjustedDifficultyGM": 2.4000000953674318,
    "m_adjustedDifficultyBCI": 2.4000000953674318,
    "m_adjustedDifficultyWeighted": 2.4000000953674318,
    "m_Pause": true,
    "m_waveClearDuration": 55.65606689453125,
    "m_damageDealtInCloseCombat": 640,
    "m_unneccessaryActions": 0,
    "m_actionFrequency": 1.5042179822921754,
    "m_actionTimes": [
        7.98486328125,
        17.048065185546876,
        18.39654541015625,
        20.29669189453125,
        21.653045654296876,
        23.951507568359376,
        25.96826171875,
        26.197845458984376,
        26.7012939453125,
        27.20599365234375,
        27.70941162109375,
        28.244171142578126,
        28.390472412109376,
        28.894927978515626,
        29.92340087890625,
        30.11151123046875,
        30.61431884765625,
        31.1175537109375,
        31.620880126953126,
        32.0963134765625,
        32.2818603515625,
        32.78582763671875,
        33.288848876953128,
        33.7923583984375,
        34.294952392578128,
        34.490234375,
        34.79815673828125,
        35.65484619140625,
        36.1546630859375,
        40.145111083984378,
        40.648712158203128,
        41.151611328125,
        41.65423583984375,
        42.1572265625,
        42.659637451171878,
        43.162353515625,
        43.6649169921875
    ],
    "m_failedActions": 2,
    "m_performance": 0.4599999785423279,
    "m_lostHP": 200,
    "m_healedHP": 99,
    "m_healedHPPause": 101,
    "m_lostHPPercentage": 0.20200000703334809,
    "m_lostBuildingHP": 2090,
    "m_lostBuildings": 0,
    "m_healedBuildingHP": 1221,
    "m_healedBuildingHPPause": 377,
    "m_lostBuildingHPPercentage": 0.15800000727176667,
    "m_lostBuildingsPercentage": 0.0,
    "m_goldCollected": 38,
    "m_goldLost": 0,
    "m_goldProfit": 38,
    "m_boredom_GM": -0.01827365718781948,
    "m_frustration_GM": -0.5066666603088379,
    "m_bciStats_eng": [
        0.5999990105628967,
        0.5999990105628967,
        0.5999990105628967,
        0.5999990105628967
    ],
    "m_bciStats_exc": [
        0.5999990105628967,
        0.5999990105628967,
        0.5999990105628967,
        0.5999990105628967
    ],
    "m_bciStats_foc": [
        0.5999990105628967,
        0.5999990105628967,
        0.5999990105628967,
        0.5999990105628967
    ],
    "m_bciStats_int": [
        0.4000000059604645,
        0.4000000059604645,
        0.4000000059604645,
        0.4000000059604645
    ],
    "m_bciStats_rel": [
        0.4000000059604645,
        0.4000000059604645,
        0.4000000059604645,
        0.4000000059604645
    ],
    "m_bciStats_str": [
        0.5999990105628967,
        0.5999990105628967,
        0.5999990105628967,
        0.5999990105628967
    ],
    "m_bciStats_Pause_eng": [
        0.5999990105628967,
        0.5999990105628967
    ],
    "m_bciStats_Pause_exc": [
        0.5999990105628967,
        0.5999990105628967
    ],
    "m_bciStats_Pause_foc": [
        0.5999990105628967,
        0.5999990105628967
    ],
    "m_bciStats_Pause_int": [
        0.4000000059604645,
        0.4000000059604645
    ],
    "m_bciStats_Pause_rel": [
        0.4000000059604645,
        0.4000000059604645
    ],
    "m_bciStats_Pause_str": [
        0.5999990105628967,
        0.5999990105628967
    ],
    "m_boredom_BCI": 0.0,
    "m_frustration_BCI": 0.0
}