{
    "m_gameSession": 9,
    "m_waveNumber": 0,
    "estimatedPlayerSkillLevel": 0.0,
    "systemWeight": 0.0,
    "m_waveDifficulty": 1.399999976158142,
    "m_waveSpawntime": 14.276617050170899,
    "m_waveSpawnDuration": 20.0,
    "m_waveMaxClearDuration": 0.0,
    "m_wavePauseDuration": 20.0,
    "m_adjustedPlayerSkillLevelGM": 0.0,
    "m_adjustedPlayerSkillLevelBCI": 0.0,
    "m_adjustedPlayerSkillLevelWeighted": 0.0,
    "m_Pause": true,
    "m_waveClearDuration": 64.87140655517578,
    "m_lostHP": 0,
    "m_lostBuildingHP": 240,
    "m_lostBuildings": 0,
    "m_healedtBuildingHP": 90,
    "m_damageDealtInCloseCombat": 60,
    "m_bciStats_eng": [
        0.44999998807907107,
        0.44999998807907107,
        0.44999998807907107,
        0.41499999165534975
    ],
    "m_bciStats_exc": [
        0.25,
        0.25,
        0.25,
        0.25
    ],
    "m_bciStats_foc": [
        1.0,
        0.8224999904632568,
        0.20000000298023225,
        0.20000000298023225
    ],
    "m_bciStats_int": [
        0.800000011920929,
        0.800000011920929,
        0.800000011920929,
        0.5099999904632568
    ],
    "m_bciStats_rel": [
        0.6499999761581421,
        0.6499999761581421,
        0.6499999761581421,
        0.4574989974498749
    ],
    "m_bciStats_str": [
        0.5,
        0.5,
        0.5,
        0.47999998927116396
    ],
    "m_bciStats_Pause_eng": [
        0.2999989986419678,
        0.2999989986419678
    ],
    "m_bciStats_Pause_exc": [
        0.25,
        0.25
    ],
    "m_bciStats_Pause_foc": [
        0.20000000298023225,
        0.20000000298023225
    ],
    "m_bciStats_Pause_int": [
        0.5,
        0.5
    ],
    "m_bciStats_Pause_rel": [
        0.20000000298023225,
        0.20000000298023225
    ],
    "m_bciStats_Pause_str": [
        0.2999989986419678,
        0.2999989986419678
    ],
    "m_boredom": -0.20421883463859559,
    "m_frustration": -0.11625000834465027
}