{
    "m_gameSession": 9,
    "m_waveNumber": 2,
    "estimatedPlayerSkillLevel": 0.0,
    "systemWeight": 0.0,
    "m_waveDifficulty": 2.200000047683716,
    "m_waveSpawntime": 134.04075622558595,
    "m_waveSpawnDuration": 20.0,
    "m_waveMaxClearDuration": 0.0,
    "m_wavePauseDuration": 20.0,
    "m_adjustedPlayerSkillLevelGM": 0.0,
    "m_adjustedPlayerSkillLevelBCI": 0.0,
    "m_adjustedPlayerSkillLevelWeighted": 0.0,
    "m_Pause": true,
    "m_waveClearDuration": 60.69891357421875,
    "m_lostHP": 380,
    "m_lostBuildingHP": 520,
    "m_lostBuildings": 0,
    "m_healedtBuildingHP": 330,
    "m_damageDealtInCloseCombat": 580,
    "m_bciStats_eng": [
        0.23000000417232514,
        0.20000000298023225,
        0.20000000298023225,
        0.20000000298023225
    ],
    "m_bciStats_exc": [
        0.19249999523162843,
        0.10000000149011612,
        0.10000000149011612,
        0.10000000149011612
    ],
    "m_bciStats_foc": [
        0.20000000298023225,
        0.13500000536441804,
        0.10000000149011612,
        0.10000000149011612
    ],
    "m_bciStats_int": [
        0.5,
        0.689998984336853,
        0.6999989748001099,
        0.6999989748001099
    ],
    "m_bciStats_rel": [
        0.1899999976158142,
        0.10000000149011612,
        0.10000000149011612,
        0.10000000149011612
    ],
    "m_bciStats_str": [
        0.26249998807907107,
        0.1499989926815033,
        0.1499989926815033,
        0.1499989926815033
    ],
    "m_bciStats_Pause_eng": [
        0.20000000298023225,
        0.20000000298023225
    ],
    "m_bciStats_Pause_exc": [
        0.10000000149011612,
        0.10000000149011612
    ],
    "m_bciStats_Pause_foc": [
        0.10000000149011612,
        0.10000000149011612
    ],
    "m_bciStats_Pause_int": [
        0.6999989748001099,
        0.6999989748001099
    ],
    "m_bciStats_Pause_rel": [
        0.10000000149011612,
        0.10000000149011612
    ],
    "m_bciStats_Pause_str": [
        0.1499989926815033,
        0.1499989926815033
    ],
    "m_boredom": -0.21390604972839356,
    "m_frustration": -0.23468747735023499
}