{
    "m_gameSession": 6,
    "m_waveNumber": 1,
    "m_waveSpawntime": 81.33110809326172,
    "m_waveSpawnDuration": 20.0,
    "m_wavePauseDuration": 20.0,
    "m_waveDifficulty": 1.7999999523162842,
    "m_waveClearDuration": 46.15808868408203,
    "m_lostHP": 110,
    "m_lostBuildingHP": 260,
    "m_lostBuildings": 0,
    "m_healedtBuildingHP": 40,
    "m_damageDealtInCloseCombat": 285,
    "m_bciStats_eng": [
        0.7836160063743591,
        0.7701669931411743,
        0.734404981136322,
        0.7701320052146912,
        0.7913140058517456
    ],
    "m_bciStats_exc": [
        0.33316299319267275,
        0.26241299510002139,
        0.18204200267791749,
        0.22670799493789674,
        0.3762980103492737
    ],
    "m_bciStats_foc": [
        0.46496298909187319,
        0.4309839904308319,
        0.42000800371170046,
        0.44008201360702517,
        0.4467970132827759
    ],
    "m_bciStats_int": [
        0.6380119919776917,
        0.5864850282669067,
        0.5274379849433899,
        0.6610910296440125,
        0.5192559957504273
    ],
    "m_bciStats_rel": [
        0.704774022102356,
        0.6350499987602234,
        0.6110349893569946,
        0.6005839705467224,
        0.6317049860954285
    ],
    "m_bciStats_str": [
        0.26114898920059206,
        0.2652280032634735,
        0.2717440128326416,
        0.20236900448799134,
        0.28141799569129946
    ]
}