{
    "m_gameSession": 6,
    "m_waveNumber": 22,
    "m_waveSpawntime": 2027.7496337890625,
    "m_waveSpawnDuration": 20.0,
    "m_wavePauseDuration": 20.0,
    "m_waveDifficulty": 10.19999885559082,
    "m_waveClearDuration": 59.9237060546875,
    "m_lostHP": 560,
    "m_lostBuildingHP": 10600,
    "m_lostBuildings": 0,
    "m_healedtBuildingHP": 8656,
    "m_damageDealtInCloseCombat": 1760,
    "m_bciStats_eng": [
        0.6034600138664246,
        0.747044026851654,
        0.6778860092163086,
        0.7583490014076233,
        0.8236640095710754,
        0.7347739934921265
    ],
    "m_bciStats_exc": [
        0.9402070045471191,
        0.8823390007019043,
        0.5153130292892456,
        0.6796709895133972,
        0.8663610219955444,
        0.890051007270813
    ],
    "m_bciStats_foc": [
        0.49995100498199465,
        0.45621800422668459,
        0.36190301179885867,
        0.5688520073890686,
        0.45260199904441836,
        0.41015100479125979
    ],
    "m_bciStats_int": [
        0.3781009912490845,
        0.35592299699783327,
        0.2513189911842346,
        0.6629909873008728,
        0.4237329959869385,
        0.5581259727478027
    ],
    "m_bciStats_rel": [
        0.784171998500824,
        0.718982994556427,
        0.6027160286903381,
        0.7719709873199463,
        0.7237910032272339,
        0.7846260070800781
    ],
    "m_bciStats_str": [
        0.4542509913444519,
        0.6270319819450378,
        0.6464160084724426,
        0.49916601181030276,
        0.6294630169868469,
        0.5721390247344971
    ]
}