{
    "m_gameSession": 6,
    "m_waveNumber": 18,
    "m_waveSpawntime": 1701.21923828125,
    "m_waveSpawnDuration": 20.0,
    "m_wavePauseDuration": 20.0,
    "m_waveDifficulty": 8.600000381469727,
    "m_waveClearDuration": 66.3251953125,
    "m_lostHP": 320,
    "m_lostBuildingHP": 8880,
    "m_lostBuildings": 0,
    "m_healedtBuildingHP": 8046,
    "m_damageDealtInCloseCombat": 1580,
    "m_bciStats_eng": [
        0.7112079858779907,
        0.6909440159797669,
        0.5957769751548767,
        0.6458370089530945,
        0.5605430006980896,
        0.5001270174980164,
        0.5250269770622253
    ],
    "m_bciStats_exc": [
        0.9911479949951172,
        0.8718159794807434,
        0.4872089922428131,
        0.17114299535751344,
        0.11389899998903275,
        0.0918859988451004,
        0.20932899415493012
    ],
    "m_bciStats_foc": [
        0.9222800135612488,
        0.601876974105835,
        0.45301198959350588,
        0.4169679880142212,
        0.3991059958934784,
        0.40132099390029909,
        0.496055006980896
    ],
    "m_bciStats_int": [
        0.6875870227813721,
        0.4826419949531555,
        0.36258500814437868,
        0.3882179856300354,
        0.1727450042963028,
        0.1908780038356781,
        0.37377700209617617
    ],
    "m_bciStats_rel": [
        0.8331859707832336,
        0.6423450112342835,
        0.6134589910507202,
        0.481781005859375,
        0.4195689857006073,
        0.48640400171279909,
        0.6490190029144287
    ],
    "m_bciStats_str": [
        0.6387720108032227,
        0.6758170127868652,
        0.6684539914131165,
        0.552827000617981,
        0.5663610100746155,
        0.4781000018119812,
        0.36240801215171816
    ]
}