{
    "m_gameSession": 6,
    "m_waveNumber": 7,
    "m_waveSpawntime": 483.53607177734377,
    "m_waveSpawnDuration": 20.0,
    "m_wavePauseDuration": 20.0,
    "m_waveDifficulty": 4.200000286102295,
    "m_waveClearDuration": 50.90740966796875,
    "m_lostHP": 60,
    "m_lostBuildingHP": 2740,
    "m_lostBuildings": 3,
    "m_healedtBuildingHP": 270,
    "m_damageDealtInCloseCombat": 100,
    "m_bciStats_eng": [
        0.6346079707145691,
        0.6818559765815735,
        0.7190330028533936,
        0.6751909852027893,
        0.5694079995155335,
        0.6299099922180176
    ],
    "m_bciStats_exc": [
        0.15658099949359895,
        0.32983699440956118,
        0.22097399830818177,
        0.12881499528884889,
        0.12476199865341187,
        0.12035799771547318
    ],
    "m_bciStats_foc": [
        0.47605299949645998,
        0.5097270011901856,
        0.5094050168991089,
        0.4866200089454651,
        0.4831939935684204,
        0.4930860102176666
    ],
    "m_bciStats_int": [
        0.39995700120925906,
        0.5585439801216126,
        0.6453880071640015,
        0.5504990220069885,
        0.6212970018386841,
        0.6532279849052429
    ],
    "m_bciStats_rel": [
        0.5356450080871582,
        0.6411510109901428,
        0.5758010149002075,
        0.6203280091285706,
        0.561959981918335,
        0.5834869742393494
    ],
    "m_bciStats_str": [
        0.4199660122394562,
        0.3406760096549988,
        0.2764680087566376,
        0.290446013212204,
        0.22817300260066987,
        0.18496200442314149
    ]
}