{
    "m_gameSession": 6,
    "m_waveNumber": 5,
    "m_waveSpawntime": 340.51007080078127,
    "m_waveSpawnDuration": 20.0,
    "m_wavePauseDuration": 20.0,
    "m_waveDifficulty": 3.4000003337860109,
    "m_waveClearDuration": 50.33099365234375,
    "m_lostHP": 70,
    "m_lostBuildingHP": 1280,
    "m_lostBuildings": 0,
    "m_healedtBuildingHP": 1190,
    "m_damageDealtInCloseCombat": 680,
    "m_bciStats_eng": [
        0.6484310030937195,
        0.6348490118980408,
        0.5528140068054199,
        0.5876619815826416,
        0.6634479761123657
    ],
    "m_bciStats_exc": [
        0.34061700105667117,
        0.3314239978790283,
        0.20337200164794923,
        0.2345539927482605,
        0.21960799396038056
    ],
    "m_bciStats_foc": [
        0.5794309973716736,
        0.5404000282287598,
        0.5412030220031738,
        0.5543479919433594,
        0.5357999801635742
    ],
    "m_bciStats_int": [
        0.6868720054626465,
        0.6745960116386414,
        0.4301140010356903,
        0.5100629925727844,
        0.5202199816703796
    ],
    "m_bciStats_rel": [
        0.6676009893417358,
        0.6260939836502075,
        0.5694419741630554,
        0.5892490148544312,
        0.5786060094833374
    ],
    "m_bciStats_str": [
        0.2314620018005371,
        0.25056400895118716,
        0.3757840096950531,
        0.3399209976196289,
        0.3210740089416504
    ]
}