{
    "m_gameSession": 6,
    "m_waveNumber": 9,
    "m_waveSpawntime": 659.7655639648438,
    "m_waveSpawnDuration": 20.0,
    "m_wavePauseDuration": 20.0,
    "m_waveDifficulty": 5.000000476837158,
    "m_waveClearDuration": 293.193359375,
    "m_lostHP": 230,
    "m_lostBuildingHP": 5860,
    "m_lostBuildings": 4,
    "m_healedtBuildingHP": 3780,
    "m_damageDealtInCloseCombat": 880,
    "m_bciStats_eng": [
        0.7176240086555481,
        0.7198420166969299,
        0.702468991279602,
        0.6589130163192749,
        0.8423510193824768,
        0.8587449789047241,
        0.7927560210227966,
        0.6351959705352783,
        0.7498049736022949,
        0.7943810224533081,
        0.7398629784584045,
        0.8707069754600525,
        0.8834149837493897,
        0.894428014755249,
        0.9046589732170105,
        0.9234189987182617,
        0.9028099775314331,
        0.8656330108642578,
        0.7739279866218567,
        0.766215980052948,
        0.8310539722442627,
        0.8581050038337708,
        0.7496690154075623,
        0.7288159728050232,
        0.8521659970283508,
        0.8352280259132385,
        0.7488359808921814,
        0.7348200082778931,
        0.6735979914665222
    ],
    "m_bciStats_exc": [
        0.30117300152778628,
        0.9504560232162476,
        0.48270100355148318,
        0.19355499744415284,
        0.42182400822639468,
        0.464682012796402,
        0.2681950032711029,
        0.40467700362205508,
        0.9474179744720459,
        0.49393901228904726,
        0.5152220129966736,
        0.8949790000915527,
        0.45896100997924807,
        0.4023439884185791,
        0.7492579817771912,
        0.9447299838066101,
        0.9440019726753235,
        0.7755709886550903,
        0.5569790005683899,
        0.38099199533462527,
        0.6066820025444031,
        0.9970849752426148,
        0.751865029335022,
        0.782260000705719,
        0.8927450180053711,
        0.8125290274620056,
        0.5829529762268066,
        0.5053520202636719,
        0.5108649730682373
    ],
    "m_bciStats_foc": [
        0.4294700026512146,
        0.47477200627326968,
        0.38561999797821047,
        0.3550199866294861,
        0.37913399934768679,
        0.3792240023612976,
        0.3709090054035187,
        0.3821209967136383,
        0.4618780016899109,
        0.4352169930934906,
        0.4342069923877716,
        0.6138889789581299,
        0.397938996553421,
        0.3866879940032959,
        0.7143700122833252,
        0.8039379715919495,
        0.7702909708023071,
        0.5533620119094849,
        0.4280700087547302,
        0.4205020070075989,
        0.4114699959754944,
        0.8143510222434998,
        0.5369120240211487,
        0.6639209985733032,
        0.6837069988250732,
        0.48162099719047549,
        0.4106450080871582,
        0.40522500872612,
        0.43478599190711977
    ],
    "m_bciStats_int": [
        0.6001309752464294,
        0.5515249967575073,
        0.6336960196495056,
        0.44775399565696719,
        0.46382099390029909,
        0.6120020151138306,
        0.6224820017814636,
        0.45156899094581606,
        0.6951069831848145,
        0.6370159983634949,
        0.5872349739074707,
        0.6785179972648621,
        0.5704759955406189,
        0.669543981552124,
        0.6967080235481262,
        0.6970589756965637,
        0.6970589756965637,
        0.6970589756965637,
        0.632718026638031,
        0.6346150040626526,
        0.6043409705162048,
        0.6891700029373169,
        0.6962069869041443,
        0.6964100003242493,
        0.6970589756965637,
        0.6970589756965637,
        0.6774399876594544,
        0.6542270183563232,
        0.6012629866600037
    ],
    "m_bciStats_rel": [
        0.6363940238952637,
        0.6383100152015686,
        0.7076969742774963,
        0.6623929738998413,
        0.8091089725494385,
        0.7453470230102539,
        0.7141609787940979,
        0.678471028804779,
        0.8293859958648682,
        0.7232170104980469,
        0.7193650007247925,
        0.8988360166549683,
        0.7837240099906921,
        0.854960024356842,
        0.9278540015220642,
        0.9226300120353699,
        0.9322069883346558,
        0.8178619742393494,
        0.6780750155448914,
        0.7579349875450134,
        0.8264529705047607,
        0.9068560004234314,
        0.6683530211448669,
        0.794393002986908,
        0.8917809724807739,
        0.766975998878479,
        0.6398230195045471,
        0.634440004825592,
        0.7180989980697632
    ],
    "m_bciStats_str": [
        0.2635729908943176,
        0.38929998874664309,
        0.3540549874305725,
        0.40678998827934267,
        0.38643598556518557,
        0.3243919909000397,
        0.29371899366378786,
        0.3567489981651306,
        0.35889700055122378,
        0.40738898515701296,
        0.41891899704933169,
        0.5012930035591126,
        0.47421199083328249,
        0.3737120032310486,
        0.4775649905204773,
        0.5807170271873474,
        0.6173040270805359,
        0.5697720050811768,
        0.5358549952507019,
        0.47748300433158877,
        0.4331440031528473,
        0.5869219899177551,
        0.5131670236587524,
        0.5645080208778381,
        0.6144949793815613,
        0.5512080192565918,
        0.5162510275840759,
        0.47846901416778567,
        0.45853400230407717
    ]
}