{
    "m_gameSession": 6,
    "m_waveNumber": 4,
    "m_waveSpawntime": 266.77001953125,
    "m_waveSpawnDuration": 20.0,
    "m_wavePauseDuration": 20.0,
    "m_waveDifficulty": 3.000000238418579,
    "m_waveClearDuration": 53.7313232421875,
    "m_lostHP": 360,
    "m_lostBuildingHP": 760,
    "m_lostBuildings": 0,
    "m_healedtBuildingHP": 310,
    "m_damageDealtInCloseCombat": 580,
    "m_bciStats_eng": [
        0.7739710211753845,
        0.7150740027427673,
        0.734358012676239,
        0.7396969795227051,
        0.6668130159378052
    ],
    "m_bciStats_exc": [
        0.23378799855709077,
        0.11761199682950974,
        0.22489400207996369,
        0.2231619954109192,
        0.12000499665737152
    ],
    "m_bciStats_foc": [
        0.5417900085449219,
        0.4988029897212982,
        0.5198360085487366,
        0.530381977558136,
        0.5351849794387817
    ],
    "m_bciStats_int": [
        0.5210769772529602,
        0.43658700585365298,
        0.5939170122146606,
        0.42072799801826479,
        0.4485799968242645
    ],
    "m_bciStats_rel": [
        0.6690049767494202,
        0.6269509792327881,
        0.7009720206260681,
        0.6204000115394592,
        0.5599089860916138
    ],
    "m_bciStats_str": [
        0.48311498761177065,
        0.4419510066509247,
        0.3131220042705536,
        0.3694469928741455,
        0.3271990120410919
    ]
}