{
    "m_gameSession": 6,
    "m_waveNumber": 6,
    "m_waveSpawntime": 410.8536376953125,
    "m_waveSpawnDuration": 20.0,
    "m_wavePauseDuration": 20.0,
    "m_waveDifficulty": 3.8000004291534426,
    "m_waveClearDuration": 52.6715087890625,
    "m_lostHP": 230,
    "m_lostBuildingHP": 1210,
    "m_lostBuildings": 0,
    "m_healedtBuildingHP": 870,
    "m_damageDealtInCloseCombat": 600,
    "m_bciStats_eng": [
        0.5262839794158936,
        0.6636499762535095,
        0.6626409888267517,
        0.6479259729385376,
        0.6746950149536133
    ],
    "m_bciStats_exc": [
        0.25194498896598818,
        0.11438699811697006,
        0.46595001220703127,
        0.34464699029922488,
        0.24354399740695954
    ],
    "m_bciStats_foc": [
        0.5300800204277039,
        0.5637689828872681,
        0.5531579852104187,
        0.5629249811172485,
        0.5460799932479858
    ],
    "m_bciStats_int": [
        0.6041709780693054,
        0.6551570296287537,
        0.631941020488739,
        0.6144239902496338,
        0.6784980297088623
    ],
    "m_bciStats_rel": [
        0.6494550108909607,
        0.644320011138916,
        0.6046890020370483,
        0.5984339714050293,
        0.6042670011520386
    ],
    "m_bciStats_str": [
        0.2768799960613251,
        0.237062007188797,
        0.26482298970222475,
        0.31753799319267275,
        0.2746700048446655
    ]
}