{
    "m_gameSession": 6,
    "m_waveNumber": 16,
    "m_waveSpawntime": 1531.1451416015625,
    "m_waveSpawnDuration": 20.0,
    "m_wavePauseDuration": 20.0,
    "m_waveDifficulty": 7.80000114440918,
    "m_waveClearDuration": 72.456787109375,
    "m_lostHP": 210,
    "m_lostBuildingHP": 8880,
    "m_lostBuildings": 0,
    "m_healedtBuildingHP": 8844,
    "m_damageDealtInCloseCombat": 560,
    "m_bciStats_eng": [
        0.7133949995040894,
        0.651835024356842,
        0.6259499788284302,
        0.6472399830818176,
        0.7136650085449219,
        0.6688950061798096,
        0.6498389840126038
    ],
    "m_bciStats_exc": [
        0.2985610067844391,
        0.33290401101112368,
        0.9312040209770203,
        0.49824899435043337,
        0.937591016292572,
        0.7253680229187012,
        0.28363800048828127
    ],
    "m_bciStats_foc": [
        0.6262270212173462,
        0.6314989924430847,
        0.9229390025138855,
        0.6724680066108704,
        0.9099770188331604,
        0.6786680221557617,
        0.43014898896217348
    ],
    "m_bciStats_int": [
        0.6480479836463928,
        0.5097900032997131,
        0.4927479922771454,
        0.3208410143852234,
        0.6449480056762695,
        0.6818789839744568,
        0.63571697473526
    ],
    "m_bciStats_rel": [
        0.6429889798164368,
        0.6259920001029968,
        0.7059490084648132,
        0.6392639875411987,
        0.825698971748352,
        0.5611019730567932,
        0.5943189859390259
    ],
    "m_bciStats_str": [
        0.407027006149292,
        0.4532339870929718,
        0.646477997303009,
        0.6592730283737183,
        0.6253529787063599,
        0.574413001537323,
        0.4647960066795349
    ]
}