{
    "m_gameSession": 6,
    "m_waveNumber": 11,
    "m_waveSpawntime": 1062.8402099609375,
    "m_waveSpawnDuration": 20.0,
    "m_wavePauseDuration": 20.0,
    "m_waveDifficulty": 5.8000006675720219,
    "m_waveClearDuration": 119.7109375,
    "m_lostHP": 310,
    "m_lostBuildingHP": 5940,
    "m_lostBuildings": 0,
    "m_healedtBuildingHP": 3950,
    "m_damageDealtInCloseCombat": 900,
    "m_bciStats_eng": [
        0.6842529773712158,
        0.5594080090522766,
        0.5883730053901672,
        0.6991270184516907,
        0.7618079781532288,
        0.8530809879302979,
        0.7880150079727173,
        0.7006850242614746,
        0.6269829869270325,
        0.6586909890174866,
        0.7477309703826904,
        0.8379970192909241
    ],
    "m_bciStats_exc": [
        0.3268359899520874,
        0.8525270223617554,
        0.7492539882659912,
        0.44647300243377688,
        0.6129159927368164,
        0.9582769870758057,
        0.5002250075340271,
        0.21655400097370149,
        0.28989800810813906,
        0.540736973285675,
        0.5912089943885803,
        0.5254189968109131
    ],
    "m_bciStats_foc": [
        0.40346598625183108,
        0.3368839919567108,
        0.40582698583602908,
        0.37577199935913088,
        0.49390700459480288,
        0.6359599828720093,
        0.41010400652885439,
        0.3650979995727539,
        0.37591999769210818,
        0.42162299156188967,
        0.4173870086669922,
        0.41315698623657229
    ],
    "m_bciStats_int": [
        0.5687289834022522,
        0.5320129990577698,
        0.6247069835662842,
        0.4416219890117645,
        0.4338099956512451,
        0.6962710022926331,
        0.524511992931366,
        0.4701640009880066,
        0.5325000286102295,
        0.651108980178833,
        0.6155850291252136,
        0.617251992225647
    ],
    "m_bciStats_rel": [
        0.6638489961624146,
        0.7403640151023865,
        0.600508987903595,
        0.5897030234336853,
        0.7316300272941589,
        0.8810340166091919,
        0.6850600242614746,
        0.6395990252494812,
        0.64028400182724,
        0.7035999894142151,
        0.7378919720649719,
        0.7936009764671326
    ],
    "m_bciStats_str": [
        0.23173099756240846,
        0.22321000695228578,
        0.3973740041255951,
        0.4910370111465454,
        0.5314859747886658,
        0.5268489718437195,
        0.5388339757919312,
        0.4652720093727112,
        0.38503599166870119,
        0.3392159938812256,
        0.3562859892845154,
        0.3520050048828125
    ]
}