{
    "m_gameSession": 6,
    "m_waveNumber": 12,
    "m_waveSpawntime": 1202.5684814453125,
    "m_waveSpawnDuration": 20.0,
    "m_wavePauseDuration": 20.0,
    "m_waveDifficulty": 6.200000762939453,
    "m_waveClearDuration": 54.4547119140625,
    "m_lostHP": 400,
    "m_lostBuildingHP": 5120,
    "m_lostBuildings": 0,
    "m_healedtBuildingHP": 440,
    "m_damageDealtInCloseCombat": 780,
    "m_bciStats_eng": [
        0.612313985824585,
        0.8006659746170044,
        0.8210390210151672,
        0.8077390193939209,
        0.7988010048866272,
        0.6608589887619019
    ],
    "m_bciStats_exc": [
        0.6297950148582459,
        0.9714249968528748,
        0.7493950128555298,
        0.31741100549697878,
        0.16863299906253816,
        0.1538500040769577
    ],
    "m_bciStats_foc": [
        0.4584619998931885,
        0.635828971862793,
        0.5249850153923035,
        0.4237329959869385,
        0.3739199936389923,
        0.3675999939441681
    ],
    "m_bciStats_int": [
        0.6101850271224976,
        0.6075000166893005,
        0.5337839722633362,
        0.46663400530815127,
        0.5251759886741638,
        0.2779940068721771
    ],
    "m_bciStats_rel": [
        0.692438006401062,
        0.908545970916748,
        0.8980349898338318,
        0.724515974521637,
        0.6214540004730225,
        0.5492690205574036
    ],
    "m_bciStats_str": [
        0.49129900336265566,
        0.5892390012741089,
        0.6215659976005554,
        0.556052029132843,
        0.4195989966392517,
        0.4636180102825165
    ]
}