{
    "m_gameSession": 6,
    "m_waveNumber": 8,
    "m_waveSpawntime": 554.4562377929688,
    "m_waveSpawnDuration": 20.0,
    "m_wavePauseDuration": 20.0,
    "m_waveDifficulty": 4.600000381469727,
    "m_waveClearDuration": 85.294921875,
    "m_lostHP": 20,
    "m_lostBuildingHP": 5850,
    "m_lostBuildings": 3,
    "m_healedtBuildingHP": 1690,
    "m_damageDealtInCloseCombat": 680,
    "m_bciStats_eng": [
        0.6253269910812378,
        0.6234449744224548,
        0.5516070127487183,
        0.5941339731216431,
        0.6444249749183655,
        0.8142729997634888,
        0.856893002986908,
        0.7198190093040466
    ],
    "m_bciStats_exc": [
        0.23846200108528138,
        0.5740150213241577,
        0.4879879951477051,
        0.28607600927352908,
        0.32617801427841189,
        0.889274001121521,
        0.6578869819641113,
        0.2728070020675659
    ],
    "m_bciStats_foc": [
        0.4746899902820587,
        0.48813098669052126,
        0.4773220121860504,
        0.4691289961338043,
        0.5197709798812866,
        0.5915949940681458,
        0.45109501481056216,
        0.3803820013999939
    ],
    "m_bciStats_int": [
        0.691340982913971,
        0.664035975933075,
        0.6849920153617859,
        0.6367740035057068,
        0.5904780030250549,
        0.5878030061721802,
        0.6872209906578064,
        0.6388649940490723
    ],
    "m_bciStats_rel": [
        0.5573430061340332,
        0.5940369963645935,
        0.6012880206108093,
        0.5301529765129089,
        0.6050379872322083,
        0.7266150116920471,
        0.7492510080337524,
        0.5850369930267334
    ],
    "m_bciStats_str": [
        0.184920996427536,
        0.24864399433135987,
        0.2987320125102997,
        0.3276039958000183,
        0.34520500898361208,
        0.446384996175766,
        0.40379598736763,
        0.3680970072746277
    ]
}