{
    "m_gameSession": 6,
    "m_waveNumber": 13,
    "m_waveSpawntime": 1277.0396728515625,
    "m_waveSpawnDuration": 20.0,
    "m_wavePauseDuration": 20.0,
    "m_waveDifficulty": 6.600000858306885,
    "m_waveClearDuration": 52.241455078125,
    "m_lostHP": 270,
    "m_lostBuildingHP": 7160,
    "m_lostBuildings": 1,
    "m_healedtBuildingHP": 1870,
    "m_damageDealtInCloseCombat": 760,
    "m_bciStats_eng": [
        0.7638829946517944,
        0.7153570055961609,
        0.8080199956893921,
        0.7430779933929443,
        0.7608950138092041
    ],
    "m_bciStats_exc": [
        0.6466209888458252,
        0.4349069893360138,
        0.4795199930667877,
        0.3273240029811859,
        0.3010990023612976
    ],
    "m_bciStats_foc": [
        0.48563098907470705,
        0.4366070032119751,
        0.44992300868034365,
        0.4623680114746094,
        0.447843998670578
    ],
    "m_bciStats_int": [
        0.6399359703063965,
        0.4490489959716797,
        0.6014159917831421,
        0.6582419872283936,
        0.5554270148277283
    ],
    "m_bciStats_rel": [
        0.6444569826126099,
        0.6303939819335938,
        0.7463240027427673,
        0.675961971282959,
        0.6168460249900818
    ],
    "m_bciStats_str": [
        0.2990339994430542,
        0.407463014125824,
        0.34637799859046938,
        0.33672699332237246,
        0.35543400049209597
    ]
}