{
    "m_gameSession": 6,
    "m_waveNumber": 2,
    "m_waveSpawntime": 147.4987030029297,
    "m_waveSpawnDuration": 20.0,
    "m_wavePauseDuration": 20.0,
    "m_waveDifficulty": 2.200000047683716,
    "m_waveClearDuration": 41.04689025878906,
    "m_lostHP": 60,
    "m_lostBuildingHP": 760,
    "m_lostBuildings": 0,
    "m_healedtBuildingHP": 300,
    "m_damageDealtInCloseCombat": 180,
    "m_bciStats_eng": [
        0.7158820033073425,
        0.7212759852409363,
        0.6804379820823669,
        0.7054970264434815
    ],
    "m_bciStats_exc": [
        0.2706100046634674,
        0.47670799493789675,
        0.3130300045013428,
        0.2218320071697235
    ],
    "m_bciStats_foc": [
        0.4934220016002655,
        0.44936200976371767,
        0.4709010124206543,
        0.4515419900417328
    ],
    "m_bciStats_int": [
        0.6612560153007507,
        0.6970589756965637,
        0.6862180233001709,
        0.5484750270843506
    ],
    "m_bciStats_rel": [
        0.6899750232696533,
        0.6572819948196411,
        0.6957740187644959,
        0.5911949872970581
    ],
    "m_bciStats_str": [
        0.35443100333213808,
        0.32211899757385256,
        0.32538801431655886,
        0.34412699937820437
    ]
}