{
    "m_gameSession": 6,
    "m_waveNumber": 3,
    "m_waveSpawntime": 208.55209350585938,
    "m_waveSpawnDuration": 20.0,
    "m_wavePauseDuration": 20.0,
    "m_waveDifficulty": 2.6000001430511476,
    "m_waveClearDuration": 38.210845947265628,
    "m_lostHP": 40,
    "m_lostBuildingHP": 320,
    "m_lostBuildings": 0,
    "m_healedtBuildingHP": 120,
    "m_damageDealtInCloseCombat": 240,
    "m_bciStats_eng": [
        0.6639559864997864,
        0.6709010004997253,
        0.7606509923934937,
        0.7296500205993652
    ],
    "m_bciStats_exc": [
        0.1818159967660904,
        0.21738800406455995,
        0.5308399796485901,
        0.8026819825172424
    ],
    "m_bciStats_foc": [
        0.49901801347732546,
        0.4983150064945221,
        0.5111910104751587,
        0.7000570297241211
    ],
    "m_bciStats_int": [
        0.6004459857940674,
        0.6470350027084351,
        0.6598110198974609,
        0.6922169923782349
    ],
    "m_bciStats_rel": [
        0.6047170162200928,
        0.6843439936637878,
        0.7353309988975525,
        0.7243360280990601
    ],
    "m_bciStats_str": [
        0.2846440076828003,
        0.24372899532318116,
        0.26223498582839968,
        0.4162299931049347
    ]
}