{
    "m_gameSession": 6,
    "m_waveNumber": 10,
    "m_waveSpawntime": 972.9740600585938,
    "m_waveSpawnDuration": 20.0,
    "m_wavePauseDuration": 20.0,
    "m_waveDifficulty": 5.40000057220459,
    "m_waveClearDuration": 69.85455322265625,
    "m_lostHP": 230,
    "m_lostBuildingHP": 4040,
    "m_lostBuildings": 0,
    "m_healedtBuildingHP": 650,
    "m_damageDealtInCloseCombat": 860,
    "m_bciStats_eng": [
        0.7211779952049255,
        0.7056270241737366,
        0.6496289968490601,
        0.6374859809875488,
        0.6745610237121582,
        0.5891810059547424,
        0.551751971244812
    ],
    "m_bciStats_exc": [
        0.2621380090713501,
        0.22079400718212129,
        0.12874600291252137,
        0.09034799784421921,
        0.057135000824928287,
        0.14909599721431733,
        0.18535099923610688
    ],
    "m_bciStats_foc": [
        0.38573500514030459,
        0.39351800084114077,
        0.3791370093822479,
        0.3618980050086975,
        0.35828301310539248,
        0.3692620098590851,
        0.3623580038547516
    ],
    "m_bciStats_int": [
        0.6431930065155029,
        0.6803569793701172,
        0.511834979057312,
        0.4164240062236786,
        0.2613010108470917,
        0.4112530052661896,
        0.3808079957962036
    ],
    "m_bciStats_rel": [
        0.6407359838485718,
        0.6546369791030884,
        0.6273339986801148,
        0.5152940154075623,
        0.4947949945926666,
        0.6015779972076416,
        0.5166820287704468
    ],
    "m_bciStats_str": [
        0.3618389964103699,
        0.293164998292923,
        0.31274300813674929,
        0.3005259931087494,
        0.3223629891872406,
        0.24062299728393556,
        0.2592880129814148
    ]
}