{
    "m_gameSession": 6,
    "m_waveNumber": 17,
    "m_waveSpawntime": 1623.6192626953125,
    "m_waveSpawnDuration": 20.0,
    "m_wavePauseDuration": 20.0,
    "m_waveDifficulty": 8.200000762939454,
    "m_waveClearDuration": 57.5758056640625,
    "m_lostHP": 280,
    "m_lostBuildingHP": 8140,
    "m_lostBuildings": 0,
    "m_healedtBuildingHP": 7669,
    "m_damageDealtInCloseCombat": 1340,
    "m_bciStats_eng": [
        0.8446329832077026,
        0.8170310258865356,
        0.7342759966850281,
        0.6629819869995117,
        0.7877969741821289,
        0.7885689735412598
    ],
    "m_bciStats_exc": [
        0.9513790011405945,
        0.9961060285568237,
        0.6701560020446777,
        0.5562040209770203,
        0.6270840167999268,
        0.7529590129852295
    ],
    "m_bciStats_foc": [
        0.8392800092697144,
        0.7521880269050598,
        0.5628219842910767,
        0.6108080148696899,
        0.5660589933395386,
        0.45649901032447817
    ],
    "m_bciStats_int": [
        0.4659020006656647,
        0.5759900212287903,
        0.665136992931366,
        0.3860369920730591,
        0.5870069861412048,
        0.6970589756965637
    ],
    "m_bciStats_rel": [
        0.7773849964141846,
        0.7418969869613648,
        0.6304240226745606,
        0.6422119736671448,
        0.743602991104126,
        0.6979529857635498
    ],
    "m_bciStats_str": [
        0.7010350227355957,
        0.675229012966156,
        0.5919740200042725,
        0.7159010171890259,
        0.5709109902381897,
        0.4786759912967682
    ]
}