{
    "m_gameSession": 6,
    "m_waveNumber": 21,
    "m_waveSpawntime": 1924.6876220703125,
    "m_waveSpawnDuration": 20.0,
    "m_wavePauseDuration": 20.0,
    "m_waveDifficulty": 9.799999237060547,
    "m_waveClearDuration": 83.035400390625,
    "m_lostHP": 200,
    "m_lostBuildingHP": 12070,
    "m_lostBuildings": 0,
    "m_healedtBuildingHP": 9386,
    "m_damageDealtInCloseCombat": 1120,
    "m_bciStats_eng": [
        0.7230809926986694,
        0.7247840166091919,
        0.7368940114974976,
        0.7593700289726257,
        0.8461059927940369,
        0.8258360028266907,
        0.8399590253829956,
        0.8189640045166016
    ],
    "m_bciStats_exc": [
        0.44495299458503725,
        0.729794979095459,
        0.6871179938316345,
        0.7342910170555115,
        0.9656350016593933,
        0.758109986782074,
        0.8660680055618286,
        0.4078890085220337
    ],
    "m_bciStats_foc": [
        0.4461739957332611,
        0.44398701190948489,
        0.4234659969806671,
        0.6293579936027527,
        0.8128679990768433,
        0.7467690110206604,
        0.4596630036830902,
        0.4908599853515625
    ],
    "m_bciStats_int": [
        0.29394200444221499,
        0.20280900597572328,
        0.2257390022277832,
        0.3633880019187927,
        0.6970589756965637,
        0.620389997959137,
        0.47438499331474306,
        0.6592959761619568
    ],
    "m_bciStats_rel": [
        0.6556130051612854,
        0.6379650235176086,
        0.691923975944519,
        0.8109949827194214,
        0.956121027469635,
        0.8712130188941956,
        0.8657900094985962,
        0.8100360035896301
    ],
    "m_bciStats_str": [
        0.6572589874267578,
        0.6658480167388916,
        0.6721240282058716,
        0.665677011013031,
        0.6251789927482605,
        0.6650800108909607,
        0.6530110239982605,
        0.5266709923744202
    ]
}