{
    "m_gameSession": 6,
    "m_waveNumber": 15,
    "m_waveSpawntime": 1460.3841552734375,
    "m_waveSpawnDuration": 20.0,
    "m_wavePauseDuration": 20.0,
    "m_waveDifficulty": 7.400001049041748,
    "m_waveClearDuration": 50.7366943359375,
    "m_lostHP": 410,
    "m_lostBuildingHP": 6240,
    "m_lostBuildings": 0,
    "m_healedtBuildingHP": 6218,
    "m_damageDealtInCloseCombat": 1120,
    "m_bciStats_eng": [
        0.5827149748802185,
        0.49473699927330019,
        0.5762349963188171,
        0.7819539904594421,
        0.6298080086708069
    ],
    "m_bciStats_exc": [
        0.34379899501800539,
        0.1396300047636032,
        0.1699730008840561,
        0.35414600372314455,
        0.45576798915863039
    ],
    "m_bciStats_foc": [
        0.42767301201820376,
        0.38743001222610476,
        0.4050920009613037,
        0.5471220016479492,
        0.5769349932670593
    ],
    "m_bciStats_int": [
        0.5905659794807434,
        0.18835000693798066,
        0.27843600511550906,
        0.5979189872741699,
        0.5120030045509338
    ],
    "m_bciStats_rel": [
        0.6042749881744385,
        0.4873569905757904,
        0.5626800060272217,
        0.7031810283660889,
        0.535148024559021
    ],
    "m_bciStats_str": [
        0.3153580129146576,
        0.47495999932289126,
        0.39577099680900576,
        0.28408899903297427,
        0.3710309863090515
    ]
}