{
    "m_gameSession": 6,
    "m_waveNumber": 19,
    "m_waveSpawntime": 1787.5660400390625,
    "m_waveSpawnDuration": 20.0,
    "m_wavePauseDuration": 20.0,
    "m_waveDifficulty": 9.0,
    "m_waveClearDuration": 56.27587890625,
    "m_lostHP": 540,
    "m_lostBuildingHP": 9750,
    "m_lostBuildings": 0,
    "m_healedtBuildingHP": 8510,
    "m_damageDealtInCloseCombat": 2380,
    "m_bciStats_eng": [
        0.6630359888076782,
        0.6026750206947327,
        0.7251309752464294,
        0.6781820058822632,
        0.7140190005302429,
        0.8170999884605408
    ],
    "m_bciStats_exc": [
        0.5232849717140198,
        0.6392970085144043,
        0.4795770049095154,
        0.2631799876689911,
        0.5259130001068115,
        0.2614699900150299
    ],
    "m_bciStats_foc": [
        0.44082099199295046,
        0.45648500323295596,
        0.3723140060901642,
        0.3411870002746582,
        0.39838701486587527,
        0.4686239957809448
    ],
    "m_bciStats_int": [
        0.32521799206733706,
        0.4804539978504181,
        0.2797650098800659,
        0.18812400102615357,
        0.18617099523544312,
        0.3117609918117523
    ],
    "m_bciStats_rel": [
        0.5558040142059326,
        0.7775970101356506,
        0.6711260080337524,
        0.6118090152740479,
        0.615913987159729,
        0.6376919746398926
    ],
    "m_bciStats_str": [
        0.4651950001716614,
        0.47488701343536379,
        0.5414029955863953,
        0.5586879849433899,
        0.565654993057251,
        0.49558699131011965
    ]
}