{
    "m_gameSession": 6,
    "m_waveNumber": 14,
    "m_waveSpawntime": 1349.2999267578125,
    "m_waveSpawnDuration": 20.0,
    "m_wavePauseDuration": 20.0,
    "m_waveDifficulty": 7.000000953674316,
    "m_waveClearDuration": 91.0665283203125,
    "m_lostHP": 480,
    "m_lostBuildingHP": 6100,
    "m_lostBuildings": 0,
    "m_healedtBuildingHP": 10852,
    "m_damageDealtInCloseCombat": 880,
    "m_bciStats_eng": [
        0.6098160147666931,
        0.7104560136795044,
        0.6433389782905579,
        0.5249500274658203,
        0.5847790241241455,
        0.6114829778671265,
        0.5610489845275879,
        0.6328700184822083,
        0.6781870126724243
    ],
    "m_bciStats_exc": [
        0.21979300677776338,
        0.29503101110458376,
        0.26297101378440859,
        0.18816900253295899,
        0.18978700041770936,
        0.235944002866745,
        0.16187000274658204,
        0.4487740099430084,
        0.5389500260353088
    ],
    "m_bciStats_foc": [
        0.4900439977645874,
        0.5316399931907654,
        0.5244460105895996,
        0.4973300099372864,
        0.5023959875106812,
        0.5274590253829956,
        0.4844430088996887,
        0.5536249876022339,
        0.5636469721794128
    ],
    "m_bciStats_int": [
        0.4234139919281006,
        0.5795469880104065,
        0.5048419833183289,
        0.5654860138893127,
        0.5194650292396545,
        0.631443977355957,
        0.3362019956111908,
        0.36021101474761965,
        0.671625018119812
    ],
    "m_bciStats_rel": [
        0.6043919920921326,
        0.677511990070343,
        0.5413910150527954,
        0.5873590111732483,
        0.5625600218772888,
        0.5980960130691528,
        0.4701400101184845,
        0.6017439961433411,
        0.6966310143470764
    ],
    "m_bciStats_str": [
        0.4460209906101227,
        0.3561669886112213,
        0.3734019994735718,
        0.31588301062583926,
        0.3028950095176697,
        0.2521420121192932,
        0.37630099058151247,
        0.3965040147304535,
        0.3167229890823364
    ]
}