{
    "m_gameSession": 6,
    "m_waveNumber": 23,
    "m_waveSpawntime": 2107.700439453125,
    "m_waveSpawnDuration": 20.0,
    "m_wavePauseDuration": 20.0,
    "m_waveDifficulty": 10.599998474121094,
    "m_waveClearDuration": 43.513427734375,
    "m_lostHP": 460,
    "m_lostBuildingHP": 10870,
    "m_lostBuildings": 0,
    "m_healedtBuildingHP": 7236,
    "m_damageDealtInCloseCombat": 1940,
    "m_bciStats_eng": [
        0.5881649851799011,
        0.623511016368866,
        0.5999670028686523,
        0.6220430135726929
    ],
    "m_bciStats_exc": [
        0.723842978477478,
        0.746196985244751,
        0.585677981376648,
        0.4809289872646332
    ],
    "m_bciStats_foc": [
        0.35706600546836855,
        0.3447740077972412,
        0.3592100143432617,
        0.3532179892063141
    ],
    "m_bciStats_int": [
        0.4021410048007965,
        0.3249779939651489,
        0.23487000167369843,
        0.2364249974489212
    ],
    "m_bciStats_rel": [
        0.678816020488739,
        0.6578760147094727,
        0.5693539977073669,
        0.4949969947338104
    ],
    "m_bciStats_str": [
        0.5392469763755798,
        0.5944870114326477,
        0.6247959733009338,
        0.6158760190010071
    ]
}