{
    "m_gameSession": 6,
    "m_waveNumber": 20,
    "m_waveSpawntime": 1863.8623046875,
    "m_waveSpawnDuration": 20.0,
    "m_wavePauseDuration": 20.0,
    "m_waveDifficulty": 9.399999618530274,
    "m_waveClearDuration": 40.8021240234375,
    "m_lostHP": 210,
    "m_lostBuildingHP": 9810,
    "m_lostBuildings": 1,
    "m_healedtBuildingHP": 5966,
    "m_damageDealtInCloseCombat": 1420,
    "m_bciStats_eng": [
        0.8940550088882446,
        0.8756769895553589,
        0.8185679912567139,
        0.7559999823570252
    ],
    "m_bciStats_exc": [
        0.9942920207977295,
        0.9900360107421875,
        0.8589919805526733,
        0.9470400214195252
    ],
    "m_bciStats_foc": [
        0.8059399724006653,
        0.9620159864425659,
        0.7826089859008789,
        0.6345840096473694
    ],
    "m_bciStats_int": [
        0.6970589756965637,
        0.6674759984016419,
        0.4288020133972168,
        0.3757359981536865
    ],
    "m_bciStats_rel": [
        0.9605500102043152,
        0.9270009994506836,
        0.8445770144462586,
        0.7689999938011169
    ],
    "m_bciStats_str": [
        0.5555269718170166,
        0.7110180258750916,
        0.8098229765892029,
        0.8277289867401123
    ]
}