{
    "m_gameSession": 12,
    "m_waveNumber": 2,
    "estimatedPlayerSkillLevel": 0.0,
    "systemWeight": 0.0,
    "m_waveDifficulty": 2.200000047683716,
    "m_waveSpawntime": 195.75680541992188,
    "m_waveSpawnDuration": 20.0,
    "m_waveMaxClearDuration": 0.0,
    "m_wavePauseDuration": 20.0,
    "m_adjustedPlayerSkillLevelGM": 0.0,
    "m_adjustedPlayerSkillLevelBCI": 0.0,
    "m_adjustedPlayerSkillLevelWeighted": 0.0,
    "m_Pause": true,
    "m_waveClearDuration": 40.12843322753906,
    "m_lostHP": 300,
    "m_lostBuildingHP": 450,
    "m_lostBuildings": 0,
    "m_healedtBuildingHP": 0,
    "m_damageDealtInCloseCombat": 600,
    "m_bciStats_eng": [
        0.75,
        0.75
    ],
    "m_bciStats_exc": [
        0.75,
        0.75
    ],
    "m_bciStats_foc": [
        0.5,
        0.5
    ],
    "m_bciStats_int": [
        0.75,
        0.75
    ],
    "m_bciStats_rel": [
        0.2999989986419678,
        0.2999989986419678
    ],
    "m_bciStats_str": [
        0.2999989986419678,
        0.2999989986419678
    ],
    "m_bciStats_Pause_eng": [
        0.7649999856948853,
        0.800000011920929
    ],
    "m_bciStats_Pause_exc": [
        0.7574999928474426,
        0.800000011920929
    ],
    "m_bciStats_Pause_foc": [
        0.5,
        0.5
    ],
    "m_bciStats_Pause_int": [
        0.75,
        0.75
    ],
    "m_bciStats_Pause_rel": [
        0.2999989986419678,
        0.3174990117549896
    ],
    "m_bciStats_Pause_str": [
        0.2999989986419678,
        0.26499998569488528
    ],
    "m_boredom": -0.11250001192092896,
    "m_frustration": -0.13750049471855164
}