{
    "m_gameSession": 12,
    "m_waveNumber": 3,
    "estimatedPlayerSkillLevel": 0.0,
    "systemWeight": 0.0,
    "m_waveDifficulty": 2.6000001430511476,
    "m_waveSpawntime": 235.8923797607422,
    "m_waveSpawnDuration": 20.0,
    "m_waveMaxClearDuration": 0.0,
    "m_wavePauseDuration": 20.0,
    "m_adjustedPlayerSkillLevelGM": 0.0,
    "m_adjustedPlayerSkillLevelBCI": 0.0,
    "m_adjustedPlayerSkillLevelWeighted": 0.0,
    "m_Pause": true,
    "m_waveClearDuration": 53.64512634277344,
    "m_lostHP": 320,
    "m_lostBuildingHP": 300,
    "m_lostBuildings": 0,
    "m_healedtBuildingHP": 320,
    "m_damageDealtInCloseCombat": 580,
    "m_bciStats_eng": [
        0.800000011920929,
        0.800000011920929,
        0.800000011920929
    ],
    "m_bciStats_exc": [
        0.800000011920929,
        0.800000011920929,
        0.800000011920929
    ],
    "m_bciStats_foc": [
        0.5,
        0.5,
        0.5
    ],
    "m_bciStats_int": [
        0.7699999809265137,
        0.800000011920929,
        0.800000011920929
    ],
    "m_bciStats_rel": [
        0.34999901056289675,
        0.34999901056289675,
        0.34999901056289675
    ],
    "m_bciStats_str": [
        0.25,
        0.25,
        0.25
    ],
    "m_bciStats_Pause_eng": [
        0.800000011920929,
        0.800000011920929
    ],
    "m_bciStats_Pause_exc": [
        0.800000011920929,
        0.800000011920929
    ],
    "m_bciStats_Pause_foc": [
        0.5,
        0.5
    ],
    "m_bciStats_Pause_int": [
        0.800000011920929,
        0.800000011920929
    ],
    "m_bciStats_Pause_rel": [
        0.34999901056289675,
        0.34999901056289675
    ],
    "m_bciStats_Pause_str": [
        0.25,
        0.25
    ],
    "m_boredom": -0.02250000834465027,
    "m_frustration": -0.044999510049819949
}