{
    "m_gameSession": 12,
    "m_waveNumber": 1,
    "estimatedPlayerSkillLevel": 0.0,
    "systemWeight": 0.0,
    "m_waveDifficulty": 1.7999999523162842,
    "m_waveSpawntime": 136.12648010253907,
    "m_waveSpawnDuration": 20.0,
    "m_waveMaxClearDuration": 0.0,
    "m_wavePauseDuration": 20.0,
    "m_adjustedPlayerSkillLevelGM": 0.0,
    "m_adjustedPlayerSkillLevelBCI": -0.36250001192092898,
    "m_adjustedPlayerSkillLevelWeighted": 0.0,
    "m_Pause": true,
    "m_waveClearDuration": 59.62504577636719,
    "m_lostHP": 220,
    "m_lostBuildingHP": 0,
    "m_lostBuildings": 0,
    "m_healedtBuildingHP": 0,
    "m_damageDealtInCloseCombat": 350,
    "m_bciStats_eng": [
        0.6499999761581421,
        0.6499999761581421,
        0.6499999761581421,
        0.6499999761581421
    ],
    "m_bciStats_exc": [
        0.6499999761581421,
        0.6499999761581421,
        0.6499999761581421,
        0.6499999761581421
    ],
    "m_bciStats_foc": [
        0.5,
        0.5,
        0.5,
        0.5
    ],
    "m_bciStats_int": [
        0.2999989986419678,
        0.2999989986419678,
        0.2999989986419678,
        0.2999989986419678
    ],
    "m_bciStats_rel": [
        0.2999989986419678,
        0.2999989986419678,
        0.2999989986419678,
        0.2999989986419678
    ],
    "m_bciStats_str": [
        0.8499990105628967,
        0.8499990105628967,
        0.8499990105628967,
        0.8499990105628967
    ],
    "m_bciStats_Pause_eng": [
        0.6499999761581421,
        0.7250000238418579
    ],
    "m_bciStats_Pause_exc": [
        0.6499999761581421,
        0.7350000143051148
    ],
    "m_bciStats_Pause_foc": [
        0.5,
        0.5
    ],
    "m_bciStats_Pause_int": [
        0.2999989986419678,
        0.75
    ],
    "m_bciStats_Pause_rel": [
        0.2999989986419678,
        0.2999989986419678
    ],
    "m_bciStats_Pause_str": [
        0.4925000071525574,
        0.2999989986419678
    ],
    "m_boredom": -0.07499998807907105,
    "m_frustration": 0.36250001192092898
}