{
    "m_gameSession": 5,
    "m_waveNumber": 0,
    "m_waveSpawntime": 23.33797264099121,
    "m_waveSpawnDuration": 20.0,
    "m_wavePauseDuration": 20.0,
    "m_waveDifficulty": 1.399999976158142,
    "m_waveClearDuration": 39.74152374267578,
    "m_lostHP": 220,
    "m_lostBuildingHP": 0,
    "m_lostBuildings": 0,
    "m_healedtBuildingHP": 0,
    "m_damageDealtInCloseCombat": 310,
    "m_bciStats_eng": [
        0.8211629986763,
        0.8071690201759338,
        0.8073300123214722,
        0.8548660278320313
    ],
    "m_bciStats_exc": [
        0.2401150017976761,
        0.4566609859466553,
        0.14658600091934205,
        0.19666899740695954
    ],
    "m_bciStats_foc": [
        0.4473640024662018,
        0.475490003824234,
        0.4267269968986511,
        0.42066600918769839
    ],
    "m_bciStats_int": [
        0.4754970073699951,
        0.6637470126152039,
        0.4523850083351135,
        0.47120198607444765
    ],
    "m_bciStats_rel": [
        0.7426310181617737,
        0.8395419716835022,
        0.7154769897460938,
        0.7927749752998352
    ],
    "m_bciStats_str": [
        0.4279490113258362,
        0.31693100929260256,
        0.3531219959259033,
        0.30258700251579287
    ]
}