{
    "m_gameSession": 5,
    "m_waveNumber": 3,
    "m_waveSpawntime": 219.25189208984376,
    "m_waveSpawnDuration": 20.0,
    "m_wavePauseDuration": 20.0,
    "m_waveDifficulty": 2.6000001430511476,
    "m_waveClearDuration": 54.738555908203128,
    "m_lostHP": 80,
    "m_lostBuildingHP": 2650,
    "m_lostBuildings": 2,
    "m_healedtBuildingHP": 410,
    "m_damageDealtInCloseCombat": 190,
    "m_bciStats_eng": [
        0.7791000008583069,
        0.8376439809799194,
        0.736329972743988,
        0.7189580202102661,
        0.716090977191925
    ],
    "m_bciStats_exc": [
        0.7621359825134277,
        0.6729410290718079,
        0.32799801230430605,
        0.5294700264930725,
        0.6554480195045471
    ],
    "m_bciStats_foc": [
        0.9025470018386841,
        0.7385939955711365,
        0.49178799986839297,
        0.6226410269737244,
        0.7341340184211731
    ],
    "m_bciStats_int": [
        0.6970589756965637,
        0.6632949709892273,
        0.5588499903678894,
        0.6536089777946472,
        0.62322598695755
    ],
    "m_bciStats_rel": [
        0.9560629725456238,
        0.7271860241889954,
        0.6961039900779724,
        0.8557530045509338,
        0.8087289929389954
    ],
    "m_bciStats_str": [
        0.42849698662757876,
        0.4584589898586273,
        0.42928698658943179,
        0.43951600790023806,
        0.511443018913269
    ]
}