{
    "m_gameSession": 5,
    "m_waveNumber": 1,
    "m_waveSpawntime": 83.07955169677735,
    "m_waveSpawnDuration": 20.0,
    "m_wavePauseDuration": 20.0,
    "m_waveDifficulty": 1.7999999523162842,
    "m_waveClearDuration": 52.40381622314453,
    "m_lostHP": 140,
    "m_lostBuildingHP": 520,
    "m_lostBuildings": 0,
    "m_healedtBuildingHP": 0,
    "m_damageDealtInCloseCombat": 110,
    "m_bciStats_eng": [
        0.7902340292930603,
        0.7927430272102356,
        0.8398680090904236,
        0.8261209726333618,
        0.8129280209541321
    ],
    "m_bciStats_exc": [
        0.11376100033521652,
        0.2888059914112091,
        0.39310500025749209,
        0.253803014755249,
        0.28591299057006838
    ],
    "m_bciStats_foc": [
        0.4454140067100525,
        0.45313701033592226,
        0.4997900128364563,
        0.5196750164031982,
        0.5666159987449646
    ],
    "m_bciStats_int": [
        0.5904430150985718,
        0.45385000109672549,
        0.49421998858451846,
        0.5552989840507507,
        0.5234659910202026
    ],
    "m_bciStats_rel": [
        0.7107880115509033,
        0.7488710284233093,
        0.8664680123329163,
        0.8071380257606506,
        0.7709800004959106
    ],
    "m_bciStats_str": [
        0.19628000259399415,
        0.26774901151657107,
        0.30641600489616396,
        0.2928810119628906,
        0.3314020037651062
    ]
}