{
    "m_gameSession": 5,
    "m_waveNumber": 2,
    "m_waveSpawntime": 155.48928833007813,
    "m_waveSpawnDuration": 20.0,
    "m_wavePauseDuration": 20.0,
    "m_waveDifficulty": 2.200000047683716,
    "m_waveClearDuration": 43.751922607421878,
    "m_lostHP": 230,
    "m_lostBuildingHP": 1290,
    "m_lostBuildings": 1,
    "m_healedtBuildingHP": 20,
    "m_damageDealtInCloseCombat": 330,
    "m_bciStats_eng": [
        0.6960099935531616,
        0.7410950064659119,
        0.7566499710083008,
        0.7297719717025757,
        0.6939970254898071
    ],
    "m_bciStats_exc": [
        0.5531740188598633,
        0.44459500908851626,
        0.32894599437713625,
        0.199631005525589,
        0.16372400522232057
    ],
    "m_bciStats_foc": [
        0.5347689986228943,
        0.5101860165596008,
        0.493010014295578,
        0.4625079929828644,
        0.4617530107498169
    ],
    "m_bciStats_int": [
        0.6774500012397766,
        0.6884809732437134,
        0.6714299917221069,
        0.593218982219696,
        0.5584080219268799
    ],
    "m_bciStats_rel": [
        0.8066589832305908,
        0.7577530145645142,
        0.7325209975242615,
        0.721019983291626,
        0.6944540143013
    ],
    "m_bciStats_str": [
        0.294391006231308,
        0.31072598695755007,
        0.3149679899215698,
        0.3123930096626282,
        0.30072900652885439
    ]
}