{
    "m_gameSession": 7,
    "m_waveNumber": 1,
    "m_waveSpawntime": 174.7188720703125,
    "m_waveSpawnDuration": 20.0,
    "m_wavePauseDuration": 20.0,
    "m_waveDifficulty": 1.7999999523162842,
    "m_waveClearDuration": 48.02595520019531,
    "m_lostHP": 220,
    "m_lostBuildingHP": 190,
    "m_lostBuildings": 0,
    "m_healedtBuildingHP": 280,
    "m_damageDealtInCloseCombat": 240,
    "m_bciStats_eng": [
        1.0,
        1.0,
        1.0,
        1.0,
        1.0
    ],
    "m_bciStats_exc": [
        0.2999989986419678,
        0.2999989986419678,
        0.2999989986419678,
        0.2999989986419678,
        0.2999989986419678
    ],
    "m_bciStats_foc": [
        0.20000000298023225,
        0.20000000298023225,
        0.20000000298023225,
        0.20000000298023225,
        0.20000000298023225
    ],
    "m_bciStats_int": [
        1.0,
        1.0,
        1.0,
        1.0,
        1.0
    ],
    "m_bciStats_rel": [
        0.6999989748001099,
        0.6999989748001099,
        0.6999989748001099,
        0.6999989748001099,
        0.6999989748001099
    ],
    "m_bciStats_str": [
        0.5,
        0.5,
        0.5,
        0.5,
        0.5
    ]
}