{
    "m_gameSession": 7,
    "m_waveNumber": 0,
    "m_waveSpawntime": 111.4769515991211,
    "m_waveSpawnDuration": 20.0,
    "m_wavePauseDuration": 20.0,
    "m_waveDifficulty": 1.399999976158142,
    "m_waveClearDuration": 43.24163055419922,
    "m_lostHP": 150,
    "m_lostBuildingHP": 210,
    "m_lostBuildings": 0,
    "m_healedtBuildingHP": 0,
    "m_damageDealtInCloseCombat": 200,
    "m_bciStats_eng": [
        1.0,
        1.0,
        1.0,
        1.0
    ],
    "m_bciStats_exc": [
        0.2999989986419678,
        0.2999989986419678,
        0.2999989986419678,
        0.2999989986419678
    ],
    "m_bciStats_foc": [
        0.20000000298023225,
        0.20000000298023225,
        0.20000000298023225,
        0.20000000298023225
    ],
    "m_bciStats_int": [
        1.0,
        1.0,
        1.0,
        1.0
    ],
    "m_bciStats_rel": [
        0.6999989748001099,
        0.6999989748001099,
        0.6999989748001099,
        0.6999989748001099
    ],
    "m_bciStats_str": [
        0.5,
        0.5,
        0.5,
        0.5
    ]
}