{
    "m_gameSession": 23,
    "m_waveNumber": 4,
    "m_waveDifficulty": 2.697786569595337,
    "m_waveSpawntime": 309.1573181152344,
    "m_waveSpawnDuration": 20.0,
    "m_waveMaxClearDuration": 0.0,
    "m_wavePauseDuration": 20.0,
    "m_adjustedDifficultyGM": 2.697786569595337,
    "m_adjustedDifficultyBCI": 2.697786569595337,
    "m_adjustedDifficultyWeighted": 2.697786569595337,
    "m_Pause": true,
    "m_waveClearDuration": 58.606964111328128,
    "m_damageDealtInCloseCombat": 630,
    "m_unneccessaryActions": 0,
    "m_actionFrequency": 0.9896434545516968,
    "m_actionTimes": [
        6.99267578125,
        8.187774658203125,
        8.695098876953125,
        9.20782470703125,
        9.716583251953125,
        10.224090576171875,
        11.13824462890625,
        11.646514892578125,
        12.15802001953125,
        12.67230224609375,
        13.562957763671875,
        14.083892822265625,
        14.5911865234375,
        15.102752685546875,
        15.61065673828125,
        16.124176025390626,
        16.633148193359376,
        17.145599365234376,
        17.890228271484376,
        20.203094482421876,
        20.38494873046875,
        20.960052490234376,
        21.47601318359375,
        22.01983642578125,
        22.809478759765626,
        22.99945068359375,
        23.511199951171876,
        24.03021240234375,
        24.77215576171875,
        24.968231201171876,
        25.496063232421876,
        26.09130859375,
        26.722076416015626,
        27.03155517578125,
        27.53875732421875,
        28.044830322265626,
        28.555938720703126,
        29.0672607421875,
        29.7254638671875,
        29.94586181640625,
        30.452789306640626,
        30.982025146484376,
        31.491180419921876,
        32.26177978515625,
        32.477996826171878,
        32.982208251953128,
        34.088165283203128,
        34.279144287109378,
        34.783843994140628,
        35.576385498046878,
        36.4737548828125,
        36.79925537109375,
        37.30340576171875,
        37.810638427734378,
        38.6055908203125,
        39.47882080078125,
        40.832794189453128,
        42.904266357421878
    ],
    "m_failedActions": 2,
    "m_performance": 0.27000001072883608,
    "m_lostHP": 440,
    "m_healedHP": 3135,
    "m_healedHPPause": 100,
    "m_lostHPPercentage": -5.389999866485596,
    "m_lostBuildingHP": 510,
    "m_lostBuildings": 0,
    "m_healedBuildingHP": 190,
    "m_healedBuildingHPPause": 0,
    "m_lostBuildingHPPercentage": 53333.33203125,
    "m_lostBuildingsPercentage": 0.0,
    "m_goldCollected": 18,
    "m_goldLost": 0,
    "m_goldProfit": 18,
    "m_boredom_GM": -0.10951264202594757,
    "m_frustration_GM": -0.4350000023841858,
    "m_bciStats_eng": [
        0.5,
        0.5,
        0.5,
        0.5
    ],
    "m_bciStats_exc": [
        0.5,
        0.5,
        0.5,
        0.5
    ],
    "m_bciStats_foc": [
        0.5,
        0.5,
        0.5,
        0.5
    ],
    "m_bciStats_int": [
        0.5,
        0.5,
        0.5,
        0.5
    ],
    "m_bciStats_rel": [
        0.5,
        0.5,
        0.5,
        0.5
    ],
    "m_bciStats_str": [
        0.5,
        0.5,
        0.5,
        0.5
    ],
    "m_bciStats_Pause_eng": [
        0.5,
        0.5
    ],
    "m_bciStats_Pause_exc": [
        0.5,
        0.5
    ],
    "m_bciStats_Pause_foc": [
        0.5,
        0.5
    ],
    "m_bciStats_Pause_int": [
        0.5,
        0.5
    ],
    "m_bciStats_Pause_rel": [
        0.5,
        0.5
    ],
    "m_bciStats_Pause_str": [
        0.5,
        0.5
    ],
    "m_boredom_BCI": 0.0,
    "m_frustration_BCI": 0.0
}