{
    "m_gameSession": 23,
    "m_waveNumber": 2,
    "m_waveDifficulty": 1.217179298400879,
    "m_waveSpawntime": 191.1491241455078,
    "m_waveSpawnDuration": 20.0,
    "m_waveMaxClearDuration": 0.0,
    "m_wavePauseDuration": 20.0,
    "m_adjustedDifficultyGM": 1.5523184537887574,
    "m_adjustedDifficultyBCI": 1.217179298400879,
    "m_adjustedDifficultyWeighted": 1.5523184537887574,
    "m_Pause": true,
    "m_waveClearDuration": 52.67424011230469,
    "m_damageDealtInCloseCombat": 280,
    "m_unneccessaryActions": 15,
    "m_actionFrequency": 0.7593844532966614,
    "m_actionTimes": [
        3.486480712890625,
        4.00732421875,
        4.5843505859375,
        5.152374267578125,
        5.7104644775390629,
        6.2729644775390629,
        6.779693603515625,
        7.28955078125,
        7.79620361328125,
        8.307083129882813,
        8.814163208007813,
        9.323959350585938,
        22.433364868164064,
        22.938796997070314,
        23.448089599609376,
        23.9552001953125,
        24.461654663085939,
        24.96795654296875,
        25.475494384765626,
        25.9798583984375,
        26.486221313476564,
        26.990676879882814,
        27.496017456054689,
        28.003143310546876,
        28.5079345703125,
        28.878250122070314,
        29.174514770507814,
        29.678955078125,
        30.183975219726564,
        30.689712524414064,
        31.194747924804689,
        31.700942993164064,
        32.37431335449219,
        32.6697998046875,
        33.96760559082031,
        35.4691162109375,
        36.34147644042969,
        36.845947265625,
        37.35115051269531,
        37.85675048828125
    ],
    "m_failedActions": 0,
    "m_performance": 0.24500000476837159,
    "m_lostHP": 200,
    "m_healedHP": 10940,
    "m_healedHPPause": 100,
    "m_lostHPPercentage": -21.479999542236329,
    "m_lostBuildingHP": 30,
    "m_lostBuildings": 0,
    "m_healedBuildingHP": 0,
    "m_healedBuildingHPPause": 30,
    "m_lostBuildingHPPercentage": 5000.0,
    "m_lostBuildingsPercentage": 0.0,
    "m_goldCollected": 8,
    "m_goldLost": 0,
    "m_goldProfit": 8,
    "m_boredom_GM": 0.27534082531929018,
    "m_frustration_GM": -0.6225000023841858,
    "m_bciStats_eng": [
        0.5,
        0.5,
        0.5
    ],
    "m_bciStats_exc": [
        0.5,
        0.5,
        0.5
    ],
    "m_bciStats_foc": [
        0.5,
        0.5,
        0.5
    ],
    "m_bciStats_int": [
        0.5,
        0.5,
        0.5
    ],
    "m_bciStats_rel": [
        0.5,
        0.5,
        0.5
    ],
    "m_bciStats_str": [
        0.5,
        0.5,
        0.5
    ],
    "m_bciStats_Pause_eng": [
        0.5,
        0.5
    ],
    "m_bciStats_Pause_exc": [
        0.5,
        0.5
    ],
    "m_bciStats_Pause_foc": [
        0.5,
        0.5
    ],
    "m_bciStats_Pause_int": [
        0.5,
        0.5
    ],
    "m_bciStats_Pause_rel": [
        0.5,
        0.5
    ],
    "m_bciStats_Pause_str": [
        0.5,
        0.5
    ],
    "m_boredom_BCI": 0.0,
    "m_frustration_BCI": 0.0
}