{
    "m_gameSession": 31,
    "m_waveNumber": 1,
    "m_waveDifficulty": 0.800000011920929,
    "m_waveSpawntime": 78.9544906616211,
    "m_waveSpawnDuration": 20.0,
    "m_waveMaxClearDuration": 0.0,
    "m_wavePauseDuration": 20.0,
    "m_adjustedDifficultyGM": 0.8507691025733948,
    "m_adjustedDifficultyBCI": 0.0,
    "m_adjustedDifficultyWeighted": 0.8507691025733948,
    "m_Pause": true,
    "m_waveClearDuration": 61.982643127441409,
    "m_damageDealtInCloseCombat": 100,
    "m_unneccessaryActions": 0,
    "m_actionFrequency": 3.4434802532196047,
    "m_actionTimes": [
        4.745948791503906,
        6.099922180175781,
        7.3529205322265629,
        18.66614532470703,
        20.948875427246095,
        21.348159790039064,
        21.91143798828125,
        22.67583465576172,
        23.71087646484375,
        24.345108032226564,
        24.909133911132814,
        26.536300659179689,
        26.8587646484375,
        27.3812255859375,
        37.20246124267578,
        39.22911071777344,
        41.327545166015628,
        41.98059844970703
    ],
    "m_failedActions": 0,
    "m_performance": 0.7300000190734863,
    "m_lostHP": 50,
    "m_healedHP": 50,
    "m_healedHPPause": 0,
    "m_lostHPPercentage": 0.0,
    "m_lostBuildingHP": 10,
    "m_lostBuildings": 0,
    "m_healedBuildingHP": 0,
    "m_healedBuildingHPPause": 0,
    "m_lostBuildingHPPercentage": 0.004999999888241291,
    "m_lostBuildingsPercentage": 0.0,
    "m_goldCollected": 4,
    "m_goldLost": 0,
    "m_goldProfit": 4,
    "m_boredom_GM": 0.06346134096384049,
    "m_frustration_GM": -0.8199999928474426,
    "m_bciStats_eng": [],
    "m_bciStats_exc": [],
    "m_bciStats_foc": [],
    "m_bciStats_int": [],
    "m_bciStats_rel": [],
    "m_bciStats_str": [],
    "m_bciStats_Pause_eng": [],
    "m_bciStats_Pause_exc": [],
    "m_bciStats_Pause_foc": [],
    "m_bciStats_Pause_int": [],
    "m_bciStats_Pause_rel": [],
    "m_bciStats_Pause_str": [],
    "m_boredom_BCI": 0.0,
    "m_frustration_BCI": 0.0
}