{
    "m_gameSession": 31,
    "m_waveNumber": 0,
    "m_waveDifficulty": 0.4000000059604645,
    "m_waveSpawntime": 20.45693588256836,
    "m_waveSpawnDuration": 20.0,
    "m_waveMaxClearDuration": 0.0,
    "m_wavePauseDuration": 20.0,
    "m_adjustedDifficultyGM": 0.4000000059604645,
    "m_adjustedDifficultyBCI": 0.0,
    "m_adjustedDifficultyWeighted": 0.4000000059604645,
    "m_Pause": true,
    "m_waveClearDuration": 58.49447250366211,
    "m_damageDealtInCloseCombat": 50,
    "m_unneccessaryActions": 0,
    "m_actionFrequency": 7.311809062957764,
    "m_actionTimes": [
        27.182353973388673,
        32.48229217529297,
        32.859012603759769,
        33.403446197509769,
        34.03742980957031,
        37.86680221557617,
        38.49348449707031,
        56.49187088012695
    ],
    "m_failedActions": 0,
    "m_performance": 0.282196968793869,
    "m_lostHP": 40,
    "m_healedHP": 35,
    "m_healedHPPause": 5,
    "m_lostHPPercentage": 0.009999999776482582,
    "m_lostBuildingHP": 0,
    "m_lostBuildings": 2,
    "m_healedBuildingHP": 0,
    "m_healedBuildingHPPause": 0,
    "m_lostBuildingHPPercentage": 0.0,
    "m_lostBuildingsPercentage": 0.6666666865348816,
    "m_goldCollected": 2,
    "m_goldLost": 13,
    "m_goldProfit": -11,
    "m_boredom_GM": -0.15864130854606629,
    "m_frustration_GM": -0.5214646458625794,
    "m_bciStats_eng": [],
    "m_bciStats_exc": [],
    "m_bciStats_foc": [],
    "m_bciStats_int": [],
    "m_bciStats_rel": [],
    "m_bciStats_str": [],
    "m_bciStats_Pause_eng": [],
    "m_bciStats_Pause_exc": [],
    "m_bciStats_Pause_foc": [],
    "m_bciStats_Pause_int": [],
    "m_bciStats_Pause_rel": [],
    "m_bciStats_Pause_str": [],
    "m_boredom_BCI": 0.0,
    "m_frustration_BCI": 0.0
}