{
    "m_gameSession": 20,
    "m_waveNumber": 6,
    "m_systemWeight": 1.0,
    "m_waveDifficulty": 2.880155324935913,
    "m_waveSpawntime": 427.90240478515627,
    "m_waveSpawnDuration": 20.0,
    "m_waveMaxClearDuration": 0.0,
    "m_wavePauseDuration": 20.0,
    "m_adjustedDifficultyGM": 2.880155324935913,
    "m_adjustedDifficultyBCI": 2.880155324935913,
    "m_adjustedDifficultyWeighted": 2.880155324935913,
    "m_Pause": true,
    "m_waveClearDuration": 58.4158935546875,
    "m_lostHP": 250,
    "m_lostBuildingHP": 930,
    "m_lostBuildings": 0,
    "m_healedtBuildingHP": 280,
    "m_damageDealtInCloseCombat": 330,
    "m_bciStats_eng": [
        0.8499990105628967,
        0.8499990105628967,
        0.8499990105628967
    ],
    "m_bciStats_exc": [
        0.8499990105628967,
        0.8499990105628967,
        0.8499990105628967
    ],
    "m_bciStats_foc": [
        0.8499990105628967,
        0.8499990105628967,
        0.8499990105628967
    ],
    "m_bciStats_int": [
        0.75,
        0.75,
        0.75
    ],
    "m_bciStats_rel": [
        0.20000000298023225,
        0.20000000298023225,
        0.20000000298023225
    ],
    "m_bciStats_str": [
        0.20749999582767487,
        0.20000000298023225,
        0.20000000298023225
    ],
    "m_bciStats_Pause_eng": [
        0.8499990105628967,
        0.6025000214576721
    ],
    "m_bciStats_Pause_exc": [
        0.8499990105628967,
        0.7249990105628967
    ],
    "m_bciStats_Pause_foc": [
        0.8499990105628967,
        0.7400000095367432
    ],
    "m_bciStats_Pause_int": [
        0.75,
        0.75
    ],
    "m_bciStats_Pause_rel": [
        0.20000000298023225,
        0.20000000298023225
    ],
    "m_bciStats_Pause_str": [
        0.20000000298023225,
        0.20000000298023225
    ],
    "m_boredom": -0.26249924302101138,
    "m_frustration": -0.1237500011920929
}