{
    "m_gameSession": 20,
    "m_waveNumber": 2,
    "m_systemWeight": 1.0,
    "m_waveDifficulty": 1.3106563091278077,
    "m_waveSpawntime": 179.99069213867188,
    "m_waveSpawnDuration": 20.0,
    "m_waveMaxClearDuration": 0.0,
    "m_wavePauseDuration": 20.0,
    "m_adjustedDifficultyGM": 1.3106563091278077,
    "m_adjustedDifficultyBCI": 1.507254719734192,
    "m_adjustedDifficultyWeighted": 1.507254719734192,
    "m_Pause": true,
    "m_waveClearDuration": 55.57762145996094,
    "m_lostHP": 110,
    "m_lostBuildingHP": 30,
    "m_lostBuildings": 0,
    "m_healedtBuildingHP": 0,
    "m_damageDealtInCloseCombat": 210,
    "m_bciStats_eng": [
        0.1499989926815033,
        0.1499989926815033,
        0.1499989926815033
    ],
    "m_bciStats_exc": [
        0.20000000298023225,
        0.20000000298023225,
        0.20000000298023225
    ],
    "m_bciStats_foc": [
        0.25,
        0.25,
        0.25
    ],
    "m_bciStats_int": [
        0.1499989926815033,
        0.1499989926815033,
        0.1499989926815033
    ],
    "m_bciStats_rel": [
        0.800000011920929,
        0.800000011920929,
        0.800000011920929
    ],
    "m_bciStats_str": [
        0.20000000298023225,
        0.20000000298023225,
        0.20000000298023225
    ],
    "m_bciStats_Pause_eng": [
        0.1499989926815033,
        0.1499989926815033
    ],
    "m_bciStats_Pause_exc": [
        0.20000000298023225,
        0.20000000298023225
    ],
    "m_bciStats_Pause_foc": [
        0.25,
        0.25
    ],
    "m_bciStats_Pause_int": [
        0.1499989926815033,
        0.1499989926815033
    ],
    "m_bciStats_Pause_rel": [
        0.800000011920929,
        0.800000011920929
    ],
    "m_bciStats_Pause_str": [
        0.20000000298023225,
        0.20000000298023225
    ],
    "m_boredom": 0.32500049471855166,
    "m_frustration": 0.17500050365924836
}