{
    "m_gameSession": 20,
    "m_waveNumber": 7,
    "m_systemWeight": 1.0,
    "m_waveDifficulty": 3.268225908279419,
    "m_waveSpawntime": 486.32501220703127,
    "m_waveSpawnDuration": 20.0,
    "m_waveMaxClearDuration": 0.0,
    "m_wavePauseDuration": 20.0,
    "m_adjustedDifficultyGM": 3.268225908279419,
    "m_adjustedDifficultyBCI": 4.19762659072876,
    "m_adjustedDifficultyWeighted": 4.19762659072876,
    "m_Pause": true,
    "m_waveClearDuration": 85.30694580078125,
    "m_lostHP": 460,
    "m_lostBuildingHP": 800,
    "m_lostBuildings": 1,
    "m_healedtBuildingHP": 340,
    "m_damageDealtInCloseCombat": 1170,
    "m_bciStats_eng": [
        0.2999989986419678,
        0.2999989986419678,
        0.2999989986419678,
        0.2999989986419678,
        0.2999989986419678,
        0.2999989986419678,
        0.2999989986419678
    ],
    "m_bciStats_exc": [
        0.34999901056289675,
        0.34999901056289675,
        0.34999901056289675,
        0.34999901056289675,
        0.34999901056289675,
        0.34999901056289675,
        0.34999901056289675
    ],
    "m_bciStats_foc": [
        0.2999989986419678,
        0.2999989986419678,
        0.2999989986419678,
        0.2999989986419678,
        0.2999989986419678,
        0.2999989986419678,
        0.2999989986419678
    ],
    "m_bciStats_int": [
        0.32249900698661806,
        0.2999989986419678,
        0.2999989986419678,
        0.2999989986419678,
        0.2999989986419678,
        0.2999989986419678,
        0.2999989986419678
    ],
    "m_bciStats_rel": [
        0.6399999856948853,
        0.75,
        0.75,
        0.75,
        0.75,
        0.75,
        0.75
    ],
    "m_bciStats_str": [
        0.20000000298023225,
        0.20000000298023225,
        0.20000000298023225,
        0.20000000298023225,
        0.20000000298023225,
        0.20000000298023225,
        0.20000000298023225
    ],
    "m_bciStats_Pause_eng": [
        0.2999989986419678,
        0.2999989986419678
    ],
    "m_bciStats_Pause_exc": [
        0.34999901056289675,
        0.34999901056289675
    ],
    "m_bciStats_Pause_foc": [
        0.2999989986419678,
        0.2999989986419678
    ],
    "m_bciStats_Pause_int": [
        0.2999989986419678,
        0.2999989986419678
    ],
    "m_bciStats_Pause_rel": [
        0.75,
        0.75
    ],
    "m_bciStats_Pause_str": [
        0.20000000298023225,
        0.20000000298023225
    ],
    "m_boredom": 0.5077680945396423,
    "m_frustration": 0.22339335083961488
}