{
    "m_gameSession": 20,
    "m_waveNumber": 0,
    "m_systemWeight": 1.0,
    "m_waveDifficulty": 0.4000000059604645,
    "m_waveSpawntime": 58.42963790893555,
    "m_waveSpawnDuration": 20.0,
    "m_waveMaxClearDuration": 0.0,
    "m_wavePauseDuration": 20.0,
    "m_adjustedDifficultyGM": 0.4000000059604645,
    "m_adjustedDifficultyBCI": 0.4906875491142273,
    "m_adjustedDifficultyWeighted": 0.4906875491142273,
    "m_Pause": true,
    "m_waveClearDuration": 60.283382415771487,
    "m_lostHP": 0,
    "m_lostBuildingHP": 0,
    "m_lostBuildings": 0,
    "m_healedtBuildingHP": 0,
    "m_damageDealtInCloseCombat": 0,
    "m_bciStats_eng": [
        0.39500001072883608,
        0.1499989926815033,
        0.1499989926815033,
        0.1499989926815033
    ],
    "m_bciStats_exc": [
        0.4249989986419678,
        0.20000000298023225,
        0.20000000298023225,
        0.20000000298023225
    ],
    "m_bciStats_foc": [
        0.4625000059604645,
        0.25,
        0.25,
        0.25
    ],
    "m_bciStats_int": [
        0.48249998688697817,
        0.1499989926815033,
        0.1499989926815033,
        0.1499989926815033
    ],
    "m_bciStats_rel": [
        0.5,
        0.7850000262260437,
        0.800000011920929,
        0.800000011920929
    ],
    "m_bciStats_str": [
        0.5,
        0.25999999046325686,
        0.20000000298023225,
        0.20000000298023225
    ],
    "m_bciStats_Pause_eng": [
        0.1499989926815033,
        0.1499989926815033
    ],
    "m_bciStats_Pause_exc": [
        0.20000000298023225,
        0.20000000298023225
    ],
    "m_bciStats_Pause_foc": [
        0.25,
        0.25
    ],
    "m_bciStats_Pause_int": [
        0.1499989926815033,
        0.1499989926815033
    ],
    "m_bciStats_Pause_rel": [
        0.800000011920929,
        0.800000011920929
    ],
    "m_bciStats_Pause_str": [
        0.20000000298023225,
        0.20000000298023225
    ],
    "m_boredom": 0.2551566958427429,
    "m_frustration": 0.02843787521123886
}