{
    "m_gameSession": 34,
    "m_waveNumber": 0,
    "m_waveDifficulty": 0.4000000059604645,
    "m_waveSpawntime": 24.090024948120118,
    "m_waveSpawnDuration": 20.0,
    "m_waveMaxClearDuration": 0.0,
    "m_wavePauseDuration": 20.0,
    "m_adjustedDifficultyGM": 0.4785380959510803,
    "m_adjustedDifficultyBCI": 0.0,
    "m_adjustedDifficultyWeighted": 0.4785380959510803,
    "m_Pause": true,
    "m_waveClearDuration": 59.97423553466797,
    "m_damageDealtInCloseCombat": 60,
    "m_unneccessaryActions": 2,
    "m_actionFrequency": 2.4989264011383058,
    "m_actionTimes": [
        4.18150520324707,
        5.894969940185547,
        6.4994964599609379,
        27.888154983520509,
        28.394594192504884,
        28.901304244995118,
        29.409608840942384,
        29.91725730895996,
        31.462114334106447,
        31.708234786987306,
        32.28221130371094,
        35.580467224121097,
        36.08555603027344,
        37.22102355957031,
        37.72417449951172,
        38.42790222167969,
        39.07362365722656,
        39.970977783203128,
        49.43994903564453,
        49.945152282714847,
        52.83953857421875,
        54.72113037109375,
        57.031578063964847,
        58.872520446777347
    ],
    "m_failedActions": 0,
    "m_performance": 0.7199999690055847,
    "m_lostHP": 0,
    "m_healedHP": 0,
    "m_healedHPPause": 0,
    "m_lostHPPercentage": 0.0,
    "m_lostBuildingHP": 20,
    "m_lostBuildings": 0,
    "m_healedBuildingHP": 10,
    "m_healedBuildingHPPause": 10,
    "m_lostBuildingHPPercentage": 0.009999999776482582,
    "m_lostBuildingsPercentage": 0.0,
    "m_goldCollected": 2,
    "m_goldLost": 0,
    "m_goldProfit": 2,
    "m_boredom_GM": 0.1963452398777008,
    "m_frustration_GM": -0.8133333325386047,
    "m_bciStats_eng": [],
    "m_bciStats_exc": [],
    "m_bciStats_foc": [],
    "m_bciStats_int": [],
    "m_bciStats_rel": [],
    "m_bciStats_str": [],
    "m_bciStats_Pause_eng": [],
    "m_bciStats_Pause_exc": [],
    "m_bciStats_Pause_foc": [],
    "m_bciStats_Pause_int": [],
    "m_bciStats_Pause_rel": [],
    "m_bciStats_Pause_str": [],
    "m_boredom_BCI": 0.0,
    "m_frustration_BCI": 0.0
}