{
    "m_gameSession": 34,
    "m_waveNumber": 2,
    "m_waveDifficulty": 1.227302074432373,
    "m_waveSpawntime": 139.77525329589845,
    "m_waveSpawnDuration": 20.0,
    "m_waveMaxClearDuration": 0.0,
    "m_wavePauseDuration": 20.0,
    "m_adjustedDifficultyGM": 1.227302074432373,
    "m_adjustedDifficultyBCI": 0.0,
    "m_adjustedDifficultyWeighted": 1.227302074432373,
    "m_Pause": true,
    "m_waveClearDuration": 62.609710693359378,
    "m_damageDealtInCloseCombat": 320,
    "m_unneccessaryActions": 1,
    "m_actionFrequency": 1.5270661115646363,
    "m_actionTimes": [
        11.055831909179688,
        12.3546142578125,
        13.960235595703125,
        14.178787231445313,
        14.7750244140625,
        15.287887573242188,
        15.857666015625,
        16.145294189453126,
        16.408309936523439,
        16.9805908203125,
        17.542877197265626,
        18.049041748046876,
        18.56982421875,
        18.818130493164064,
        19.3267822265625,
        19.835418701171876,
        20.341888427734376,
        21.0592041015625,
        21.522552490234376,
        22.02947998046875,
        22.533645629882814,
        23.039154052734376,
        23.54327392578125,
        24.04852294921875,
        24.55438232421875,
        24.974456787109376,
        26.326385498046876,
        27.558731079101564,
        28.931854248046876,
        30.158660888671876,
        38.880767822265628,
        39.91252136230469,
        40.41680908203125,
        40.92146301269531,
        41.42759704589844,
        41.90879821777344,
        42.6087646484375,
        56.26643371582031,
        58.39970397949219,
        60.2923583984375,
        62.418701171875
    ],
    "m_failedActions": 2,
    "m_performance": 0.33204543590545657,
    "m_lostHP": 160,
    "m_healedHP": 130,
    "m_healedHPPause": 30,
    "m_lostHPPercentage": 0.05999999865889549,
    "m_lostBuildingHP": 0,
    "m_lostBuildings": 2,
    "m_healedBuildingHP": 0,
    "m_healedBuildingHPPause": 0,
    "m_lostBuildingHPPercentage": 0.0,
    "m_lostBuildingsPercentage": 0.5,
    "m_goldCollected": 12,
    "m_goldLost": 2,
    "m_goldProfit": 10,
    "m_boredom_GM": -0.003425800707191229,
    "m_frustration_GM": -0.42136362195014956,
    "m_bciStats_eng": [],
    "m_bciStats_exc": [],
    "m_bciStats_foc": [],
    "m_bciStats_int": [],
    "m_bciStats_rel": [],
    "m_bciStats_str": [],
    "m_bciStats_Pause_eng": [],
    "m_bciStats_Pause_exc": [],
    "m_bciStats_Pause_foc": [],
    "m_bciStats_Pause_int": [],
    "m_bciStats_Pause_rel": [],
    "m_bciStats_Pause_str": [],
    "m_boredom_BCI": 0.0,
    "m_frustration_BCI": 0.0
}