{
    "m_gameSession": 34,
    "m_waveNumber": 5,
    "m_waveDifficulty": 2.467276096343994,
    "m_waveSpawntime": 314.04754638671877,
    "m_waveSpawnDuration": 20.0,
    "m_waveMaxClearDuration": 0.0,
    "m_wavePauseDuration": 20.0,
    "m_adjustedDifficultyGM": 2.9639577865600588,
    "m_adjustedDifficultyBCI": 0.0,
    "m_adjustedDifficultyWeighted": 2.9639577865600588,
    "m_Pause": true,
    "m_waveClearDuration": 52.6109619140625,
    "m_damageDealtInCloseCombat": 610,
    "m_unneccessaryActions": 3,
    "m_actionFrequency": 0.8917112350463867,
    "m_actionTimes": [
        0.28839111328125,
        2.65643310546875,
        3.646026611328125,
        5.3616943359375,
        6.2760009765625,
        6.78399658203125,
        7.29547119140625,
        7.803985595703125,
        11.07415771484375,
        12.363128662109375,
        12.87060546875,
        13.3779296875,
        13.885711669921875,
        14.400787353515625,
        14.91229248046875,
        15.414886474609375,
        15.704742431640625,
        16.231292724609376,
        16.760162353515626,
        17.054290771484376,
        17.271240234375,
        17.7900390625,
        18.435943603515626,
        18.6280517578125,
        19.155059814453126,
        19.792388916015626,
        20.05322265625,
        20.6522216796875,
        22.508056640625,
        22.66131591796875,
        23.199859619140626,
        23.707794189453126,
        24.215484619140626,
        24.3748779296875,
        24.720306396484376,
        25.651947021484376,
        25.960723876953126,
        26.295928955078126,
        26.803985595703126,
        27.202362060546876,
        27.523162841796876,
        28.03240966796875,
        28.538726806640626,
        28.908721923828126,
        29.164337158203126,
        29.674957275390626,
        30.21649169921875,
        30.4412841796875,
        30.9449462890625,
        31.47442626953125,
        32.104278564453128,
        32.610015869140628,
        33.07879638671875,
        35.1363525390625,
        46.930145263671878,
        48.429351806640628,
        50.029144287109378,
        51.98858642578125,
        52.494049072265628
    ],
    "m_failedActions": 6,
    "m_performance": 0.3423333466053009,
    "m_lostHP": 450,
    "m_healedHP": 213,
    "m_healedHPPause": 160,
    "m_lostHPPercentage": 0.4740000069141388,
    "m_lostBuildingHP": 680,
    "m_lostBuildings": 0,
    "m_healedBuildingHP": 435,
    "m_healedBuildingHPPause": 165,
    "m_lostBuildingHPPercentage": 0.09799999743700028,
    "m_lostBuildingsPercentage": 0.0,
    "m_goldCollected": 16,
    "m_goldLost": 0,
    "m_goldProfit": 16,
    "m_boredom_GM": 0.20130771398544312,
    "m_frustration_GM": -0.21488890051841737,
    "m_bciStats_eng": [],
    "m_bciStats_exc": [],
    "m_bciStats_foc": [],
    "m_bciStats_int": [],
    "m_bciStats_rel": [],
    "m_bciStats_str": [],
    "m_bciStats_Pause_eng": [],
    "m_bciStats_Pause_exc": [],
    "m_bciStats_Pause_foc": [],
    "m_bciStats_Pause_int": [],
    "m_bciStats_Pause_rel": [],
    "m_bciStats_Pause_str": [],
    "m_boredom_BCI": 0.0,
    "m_frustration_BCI": 0.0
}