{
    "m_gameSession": 34,
    "m_waveNumber": 3,
    "m_waveDifficulty": 1.6213185787200928,
    "m_waveSpawntime": 202.38632202148438,
    "m_waveSpawnDuration": 20.0,
    "m_waveMaxClearDuration": 0.0,
    "m_wavePauseDuration": 20.0,
    "m_adjustedDifficultyGM": 1.669785976409912,
    "m_adjustedDifficultyBCI": 0.0,
    "m_adjustedDifficultyWeighted": 1.669785976409912,
    "m_Pause": true,
    "m_waveClearDuration": 55.506011962890628,
    "m_damageDealtInCloseCombat": 410,
    "m_unneccessaryActions": 0,
    "m_actionFrequency": 1.2908375263214112,
    "m_actionTimes": [
        1.8079986572265626,
        3.776275634765625,
        6.7444305419921879,
        11.729904174804688,
        13.724334716796875,
        15.264297485351563,
        16.693893432617189,
        18.17010498046875,
        19.84716796875,
        20.2625732421875,
        20.80010986328125,
        21.282073974609376,
        21.527069091796876,
        22.040542602539064,
        23.187713623046876,
        23.40521240234375,
        23.93072509765625,
        24.501541137695314,
        25.08734130859375,
        26.633529663085939,
        26.862655639648439,
        27.370986938476564,
        27.9598388671875,
        28.472732543945314,
        29.096343994140626,
        29.957763671875,
        30.889785766601564,
        31.395492553710939,
        31.587646484375,
        31.902908325195314,
        32.40742492675781,
        32.906402587890628,
        33.14697265625,
        33.668914794921878,
        34.288543701171878,
        34.7923583984375,
        34.9996337890625,
        35.50312805175781,
        48.120269775390628,
        48.625579833984378,
        49.95916748046875,
        51.600311279296878,
        53.71612548828125
    ],
    "m_failedActions": 1,
    "m_performance": 0.5174999833106995,
    "m_lostHP": 190,
    "m_healedHP": 75,
    "m_healedHPPause": 100,
    "m_lostHPPercentage": 0.23000000417232514,
    "m_lostBuildingHP": 10,
    "m_lostBuildings": 0,
    "m_healedBuildingHP": 0,
    "m_healedBuildingHPPause": 10,
    "m_lostBuildingHPPercentage": 0.004999999888241291,
    "m_lostBuildingsPercentage": 0.0,
    "m_goldCollected": 11,
    "m_goldLost": 0,
    "m_goldProfit": 11,
    "m_boredom_GM": 0.029893850907683374,
    "m_frustration_GM": -0.6116666793823242,
    "m_bciStats_eng": [],
    "m_bciStats_exc": [],
    "m_bciStats_foc": [],
    "m_bciStats_int": [],
    "m_bciStats_rel": [],
    "m_bciStats_str": [],
    "m_bciStats_Pause_eng": [],
    "m_bciStats_Pause_exc": [],
    "m_bciStats_Pause_foc": [],
    "m_bciStats_Pause_int": [],
    "m_bciStats_Pause_rel": [],
    "m_bciStats_Pause_str": [],
    "m_boredom_BCI": 0.0,
    "m_frustration_BCI": 0.0
}