{
    "m_gameSession": 34,
    "m_waveNumber": 4,
    "m_waveDifficulty": 2.060256004333496,
    "m_waveSpawntime": 257.8949279785156,
    "m_waveSpawnDuration": 20.0,
    "m_waveMaxClearDuration": 0.0,
    "m_wavePauseDuration": 20.0,
    "m_adjustedDifficultyGM": 2.060256004333496,
    "m_adjustedDifficultyBCI": 0.0,
    "m_adjustedDifficultyWeighted": 2.060256004333496,
    "m_Pause": true,
    "m_waveClearDuration": 56.150726318359378,
    "m_damageDealtInCloseCombat": 560,
    "m_unneccessaryActions": 0,
    "m_actionFrequency": 1.1459331512451172,
    "m_actionTimes": [
        14.315887451171875,
        15.600494384765625,
        16.900909423828126,
        18.214263916015626,
        20.512237548828126,
        22.6173095703125,
        22.854766845703126,
        23.3673095703125,
        23.828704833984376,
        24.028900146484376,
        24.53863525390625,
        25.12744140625,
        25.63641357421875,
        26.178070068359376,
        26.613037109375,
        26.849853515625,
        27.36175537109375,
        27.90264892578125,
        28.4183349609375,
        28.67352294921875,
        29.18292236328125,
        29.689239501953126,
        30.251129150390626,
        30.44049072265625,
        30.9498291015625,
        31.625244140625,
        31.801544189453126,
        32.3079833984375,
        32.856353759765628,
        33.43682861328125,
        33.612335205078128,
        34.11846923828125,
        34.80108642578125,
        35.09344482421875,
        35.644256591796878,
        36.150360107421878,
        37.630859375,
        39.3663330078125,
        49.435150146484378,
        51.39251708984375,
        51.8966064453125,
        52.400360107421878,
        52.904388427734378,
        53.409210205078128,
        53.912506103515628,
        54.419464111328128,
        54.924957275390628,
        55.42919921875,
        55.934234619140628
    ],
    "m_failedActions": 2,
    "m_performance": 0.29333335161209109,
    "m_lostHP": 300,
    "m_healedHP": 90,
    "m_healedHPPause": 145,
    "m_lostHPPercentage": 0.41999998688697817,
    "m_lostBuildingHP": 400,
    "m_lostBuildings": 0,
    "m_healedBuildingHP": 0,
    "m_healedBuildingHPPause": 335,
    "m_lostBuildingHPPercentage": 0.1599999964237213,
    "m_lostBuildingsPercentage": 0.0,
    "m_goldCollected": 14,
    "m_goldLost": 0,
    "m_goldProfit": 14,
    "m_boredom_GM": -0.050540775060653689,
    "m_frustration_GM": -0.3955555856227875,
    "m_bciStats_eng": [],
    "m_bciStats_exc": [],
    "m_bciStats_foc": [],
    "m_bciStats_int": [],
    "m_bciStats_rel": [],
    "m_bciStats_str": [],
    "m_bciStats_Pause_eng": [],
    "m_bciStats_Pause_exc": [],
    "m_bciStats_Pause_foc": [],
    "m_bciStats_Pause_int": [],
    "m_bciStats_Pause_rel": [],
    "m_bciStats_Pause_str": [],
    "m_boredom_BCI": 0.0,
    "m_frustration_BCI": 0.0
}