{
    "m_gameSession": 34,
    "m_waveNumber": 6,
    "m_waveDifficulty": 3.1847219467163088,
    "m_waveSpawntime": 366.6613464355469,
    "m_waveSpawnDuration": 20.0,
    "m_waveMaxClearDuration": 0.0,
    "m_wavePauseDuration": 20.0,
    "m_adjustedDifficultyGM": 3.1847219467163088,
    "m_adjustedDifficultyBCI": 0.0,
    "m_adjustedDifficultyWeighted": 3.1847219467163088,
    "m_Pause": true,
    "m_waveClearDuration": 78.17205810546875,
    "m_damageDealtInCloseCombat": 950,
    "m_unneccessaryActions": 0,
    "m_actionFrequency": 1.2214384078979493,
    "m_actionTimes": [
        0.386962890625,
        0.893951416015625,
        1.40106201171875,
        1.9063720703125,
        2.413482666015625,
        2.918243408203125,
        3.423126220703125,
        3.93017578125,
        4.437896728515625,
        7.10321044921875,
        10.03125,
        11.4278564453125,
        12.93212890625,
        14.4530029296875,
        15.760955810546875,
        16.89019775390625,
        17.96893310546875,
        18.13079833984375,
        23.3887939453125,
        23.90386962890625,
        23.984466552734376,
        25.408416748046876,
        26.01202392578125,
        26.54766845703125,
        26.753204345703126,
        27.263397216796876,
        27.923095703125,
        28.50335693359375,
        28.62030029296875,
        29.313262939453126,
        29.90911865234375,
        30.501678466796876,
        30.81549072265625,
        32.112457275390628,
        32.683624267578128,
        34.68316650390625,
        35.07391357421875,
        36.210784912109378,
        36.748077392578128,
        44.502716064453128,
        45.012359619140628,
        45.120208740234378,
        47.504669189453128,
        48.012176513671878,
        48.516265869140628,
        49.02398681640625,
        50.937652587890628,
        51.44476318359375,
        51.950439453125,
        52.45458984375,
        52.96112060546875,
        53.090484619140628,
        54.51611328125,
        54.733184814453128,
        55.2418212890625,
        55.98443603515625,
        56.490570068359378,
        56.995697021484378,
        57.117828369140628,
        58.17138671875,
        75.12838745117188,
        75.63238525390625,
        76.28399658203125,
        77.54022216796875
    ],
    "m_failedActions": 8,
    "m_performance": -0.019193943589925767,
    "m_lostHP": 740,
    "m_healedHP": 464,
    "m_healedHPPause": 160,
    "m_lostHPPercentage": 0.5519999861717224,
    "m_lostBuildingHP": 1160,
    "m_lostBuildings": 1,
    "m_healedBuildingHP": 783,
    "m_healedBuildingHPPause": 15,
    "m_lostBuildingHPPercentage": 0.15080000460147859,
    "m_lostBuildingsPercentage": 0.20000000298023225,
    "m_goldCollected": 22,
    "m_goldLost": 10,
    "m_goldProfit": 12,
    "m_boredom_GM": -0.19046008586883546,
    "m_frustration_GM": 0.05279596149921417,
    "m_bciStats_eng": [],
    "m_bciStats_exc": [],
    "m_bciStats_foc": [],
    "m_bciStats_int": [],
    "m_bciStats_rel": [],
    "m_bciStats_str": [],
    "m_bciStats_Pause_eng": [],
    "m_bciStats_Pause_exc": [],
    "m_bciStats_Pause_foc": [],
    "m_bciStats_Pause_int": [],
    "m_bciStats_Pause_rel": [],
    "m_bciStats_Pause_str": [],
    "m_boredom_BCI": 0.0,
    "m_frustration_BCI": 0.0
}