{
    "m_gameSession": 34,
    "m_waveNumber": 1,
    "m_waveDifficulty": 0.800000011920929,
    "m_waveSpawntime": 84.06726837158203,
    "m_waveSpawnDuration": 20.0,
    "m_waveMaxClearDuration": 0.0,
    "m_wavePauseDuration": 20.0,
    "m_adjustedDifficultyGM": 0.8665710687637329,
    "m_adjustedDifficultyBCI": 0.0,
    "m_adjustedDifficultyWeighted": 0.8665710687637329,
    "m_Pause": true,
    "m_waveClearDuration": 55.70648956298828,
    "m_damageDealtInCloseCombat": 130,
    "m_unneccessaryActions": 0,
    "m_actionFrequency": 1.3586949110031129,
    "m_actionTimes": [
        6.137939453125,
        7.3715057373046879,
        8.89697265625,
        10.30999755859375,
        11.641609191894532,
        12.960289001464844,
        14.253379821777344,
        15.94677734375,
        17.982330322265626,
        19.9539794921875,
        21.9173583984375,
        23.95795440673828,
        25.954330444335939,
        27.970962524414064,
        29.042503356933595,
        29.579788208007814,
        29.83580780029297,
        30.397445678710939,
        31.05638885498047,
        31.276718139648439,
        31.836013793945314,
        32.34117889404297,
        32.959068298339847,
        33.53435516357422,
        34.14794158935547,
        34.69391632080078,
        35.19970703125,
        35.704734802246097,
        37.20062255859375,
        39.29118347167969,
        39.79461669921875,
        40.30027770996094,
        40.80622100830078,
        41.51490783691406,
        42.02080535888672,
        42.5247802734375,
        43.029754638671878,
        44.36492156982422,
        44.86998748779297,
        47.11290740966797,
        50.85265350341797
    ],
    "m_failedActions": 1,
    "m_performance": 0.6050000190734863,
    "m_lostHP": 80,
    "m_healedHP": 35,
    "m_healedHPPause": 45,
    "m_lostHPPercentage": 0.09000000357627869,
    "m_lostBuildingHP": 40,
    "m_lostBuildings": 0,
    "m_healedBuildingHP": 0,
    "m_healedBuildingHPPause": 40,
    "m_lostBuildingHPPercentage": 0.03999999910593033,
    "m_lostBuildingsPercentage": 0.0,
    "m_goldCollected": 4,
    "m_goldLost": 0,
    "m_goldProfit": 4,
    "m_boredom_GM": 0.08321385085582733,
    "m_frustration_GM": -0.6700000166893005,
    "m_bciStats_eng": [],
    "m_bciStats_exc": [],
    "m_bciStats_foc": [],
    "m_bciStats_int": [],
    "m_bciStats_rel": [],
    "m_bciStats_str": [],
    "m_bciStats_Pause_eng": [],
    "m_bciStats_Pause_exc": [],
    "m_bciStats_Pause_foc": [],
    "m_bciStats_Pause_int": [],
    "m_bciStats_Pause_rel": [],
    "m_bciStats_Pause_str": [],
    "m_boredom_BCI": 0.0,
    "m_frustration_BCI": 0.0
}