{
    "m_gameSession": 4,
    "m_waveNumber": 0,
    "m_waveSpawntime": 31.7301025390625,
    "m_waveSpawnDuration": 20.0,
    "m_wavePauseDuration": 20.0,
    "m_waveDifficulty": 1.399999976158142,
    "m_waveClearDuration": 35.08802032470703,
    "m_lostHP": 120,
    "m_lostBuildingHP": 20,
    "m_lostBuildings": 0,
    "m_healedtBuildingHP": 20,
    "m_damageDealtInCloseCombat": 270,
    "m_bciStats_eng": [
        0.6334739923477173,
        0.6351040005683899,
        0.7536399960517883,
        0.7669640183448792
    ],
    "m_bciStats_exc": [
        0.15889999270439149,
        0.14197899401187898,
        0.15179599821567536,
        0.19936500489711762
    ],
    "m_bciStats_foc": [
        0.38805100321769717,
        0.38760000467300417,
        0.3899039924144745,
        0.3912050127983093
    ],
    "m_bciStats_int": [
        0.32384899258613589,
        0.30301299691200259,
        0.31099799275398257,
        0.3431130051612854
    ],
    "m_bciStats_rel": [
        0.4876999855041504,
        0.4671890139579773,
        0.4764760136604309,
        0.5045909881591797
    ],
    "m_bciStats_str": [
        0.34505701065063479,
        0.3423370122909546,
        0.3190769851207733,
        0.29986900091171267
    ]
}