{
    "m_gameSession": 4,
    "m_waveNumber": 5,
    "m_waveSpawntime": 367.12255859375,
    "m_waveSpawnDuration": 20.0,
    "m_wavePauseDuration": 20.0,
    "m_waveDifficulty": 3.4000003337860109,
    "m_waveClearDuration": 47.13665771484375,
    "m_lostHP": 270,
    "m_lostBuildingHP": 3160,
    "m_lostBuildings": 3,
    "m_healedtBuildingHP": 1115,
    "m_damageDealtInCloseCombat": 755,
    "m_bciStats_eng": [
        0.6320260167121887,
        0.6966109871864319,
        0.6154739856719971,
        0.6779410243034363
    ],
    "m_bciStats_exc": [
        0.21684999763965608,
        0.17047399282455445,
        0.18074700236320496,
        0.136680006980896
    ],
    "m_bciStats_foc": [
        0.42683300375938418,
        0.42879199981689455,
        0.4261319935321808,
        0.4212540090084076
    ],
    "m_bciStats_int": [
        0.37074100971221926,
        0.35895299911499026,
        0.25867998600006106,
        0.2693819999694824
    ],
    "m_bciStats_rel": [
        0.5517870187759399,
        0.5256239771842957,
        0.4571110010147095,
        0.4469279944896698
    ],
    "m_bciStats_str": [
        0.32107800245285036,
        0.32293900847435,
        0.3764989972114563,
        0.35797300934791567
    ]
}