{
    "m_gameSession": 4,
    "m_waveNumber": 2,
    "m_waveSpawntime": 134.5347137451172,
    "m_waveSpawnDuration": 20.0,
    "m_wavePauseDuration": 20.0,
    "m_waveDifficulty": 2.200000047683716,
    "m_waveClearDuration": 46.65625,
    "m_lostHP": 430,
    "m_lostBuildingHP": 1080,
    "m_lostBuildings": 0,
    "m_healedtBuildingHP": 465,
    "m_damageDealtInCloseCombat": 500,
    "m_bciStats_eng": [
        0.6784809827804565,
        0.755020022392273,
        0.7241320013999939,
        0.707397997379303,
        0.691552996635437
    ],
    "m_bciStats_exc": [
        0.18987800180912019,
        0.22186100482940675,
        0.21359099447727204,
        0.21640799939632417,
        0.16292600333690644
    ],
    "m_bciStats_foc": [
        0.4033850133419037,
        0.4070430099964142,
        0.4065229892730713,
        0.40713000297546389,
        0.4074830114841461
    ],
    "m_bciStats_int": [
        0.3231469988822937,
        0.2977699935436249,
        0.3253529965877533,
        0.324209988117218,
        0.3454180061817169
    ],
    "m_bciStats_rel": [
        0.46954798698425295,
        0.49202999472618105,
        0.49593499302864077,
        0.4998350143432617,
        0.5011429786682129
    ],
    "m_bciStats_str": [
        0.3324419856071472,
        0.34825000166893008,
        0.3372249901294708,
        0.34413599967956545,
        0.3287679851055145
    ]
}