{
    "m_gameSession": 4,
    "m_waveNumber": 3,
    "m_waveSpawntime": 201.20147705078126,
    "m_waveSpawnDuration": 20.0,
    "m_wavePauseDuration": 20.0,
    "m_waveDifficulty": 2.6000001430511476,
    "m_waveClearDuration": 62.2039794921875,
    "m_lostHP": 550,
    "m_lostBuildingHP": 2240,
    "m_lostBuildings": 2,
    "m_healedtBuildingHP": 1196,
    "m_damageDealtInCloseCombat": 280,
    "m_bciStats_eng": [
        0.6728609800338745,
        0.7064700126647949,
        0.700518012046814,
        0.6979789733886719,
        0.6783699989318848,
        0.6782469749450684
    ],
    "m_bciStats_exc": [
        0.2785930037498474,
        0.168954998254776,
        0.1901009976863861,
        0.3428950011730194,
        0.2523919939994812,
        0.30627700686454775
    ],
    "m_bciStats_foc": [
        0.41148701310157778,
        0.41117799282073977,
        0.41031700372695925,
        0.4151810109615326,
        0.41323399543762209,
        0.4175170063972473
    ],
    "m_bciStats_int": [
        0.27007201313972475,
        0.2873600125312805,
        0.31433600187301638,
        0.29102998971939089,
        0.31029000878334048,
        0.3182780146598816
    ],
    "m_bciStats_rel": [
        0.4659160077571869,
        0.5114229917526245,
        0.5099549889564514,
        0.5008779764175415,
        0.4938110113143921,
        0.49845799803733828
    ],
    "m_bciStats_str": [
        0.3949950039386749,
        0.37527599930763247,
        0.353630006313324,
        0.38517600297927859,
        0.3832089900970459,
        0.3824630081653595
    ]
}