{
    "m_gameSession": 4,
    "m_waveNumber": 4,
    "m_waveSpawntime": 283.412353515625,
    "m_waveSpawnDuration": 20.0,
    "m_wavePauseDuration": 20.0,
    "m_waveDifficulty": 3.000000238418579,
    "m_waveClearDuration": 63.7034912109375,
    "m_lostHP": 600,
    "m_lostBuildingHP": 3090,
    "m_lostBuildings": 1,
    "m_healedtBuildingHP": 1912,
    "m_damageDealtInCloseCombat": 1080,
    "m_bciStats_eng": [
        0.6828290224075317,
        0.6227290034294128,
        0.6284719705581665,
        0.688510000705719,
        0.6465460062026978,
        0.6645860075950623,
        0.660988986492157
    ],
    "m_bciStats_exc": [
        0.3016349971294403,
        0.28477200865745547,
        0.2314079999923706,
        0.14079700410366059,
        0.13066400587558747,
        0.14800700545310975,
        0.17524300515651704
    ],
    "m_bciStats_foc": [
        0.4238240122795105,
        0.42282500863075259,
        0.4215660095214844,
        0.42214998602867129,
        0.42181798815727236,
        0.4288040101528168,
        0.42316898703575137
    ],
    "m_bciStats_int": [
        0.3625220060348511,
        0.29020899534225466,
        0.3047949969768524,
        0.2968280017375946,
        0.3030500113964081,
        0.3412880003452301,
        0.35490700602531435
    ],
    "m_bciStats_rel": [
        0.5292840003967285,
        0.49149999022483828,
        0.5160629749298096,
        0.5286989808082581,
        0.5032610297203064,
        0.5459100008010864,
        0.5162240266799927
    ],
    "m_bciStats_str": [
        0.36744898557662966,
        0.40976500511169436,
        0.4005739986896515,
        0.3783380091190338,
        0.3562450110912323,
        0.32487601041793826,
        0.31051599979400637
    ]
}