{
    "m_gameSession": 18,
    "m_waveNumber": 2,
    "m_estimatedPlayerSkillLevel": 2.2000584602355959,
    "m_systemWeight": 1.0,
    "m_waveDifficulty": 3.8201417922973635,
    "m_waveSpawntime": 157.0729522705078,
    "m_waveSpawnDuration": 20.0,
    "m_waveMaxClearDuration": 0.0,
    "m_wavePauseDuration": 20.0,
    "m_adjustedPlayerSkillLevelGM": 2.2000584602355959,
    "m_adjustedPlayerSkillLevelBCI": 2.3250584602355959,
    "m_adjustedPlayerSkillLevelWeighted": 2.3250584602355959,
    "m_Pause": true,
    "m_waveClearDuration": 74.81231689453125,
    "m_lostHP": 310,
    "m_lostBuildingHP": 1580,
    "m_lostBuildings": 1,
    "m_healedtBuildingHP": 40,
    "m_damageDealtInCloseCombat": 830,
    "m_bciStats_eng": [
        0.20000000298023225,
        0.20000000298023225,
        0.20000000298023225,
        0.20000000298023225,
        0.20000000298023225
    ],
    "m_bciStats_exc": [
        0.20000000298023225,
        0.20000000298023225,
        0.20000000298023225,
        0.20000000298023225,
        0.20000000298023225
    ],
    "m_bciStats_foc": [
        0.20000000298023225,
        0.20000000298023225,
        0.20000000298023225,
        0.20000000298023225,
        0.20000000298023225
    ],
    "m_bciStats_int": [
        0.20000000298023225,
        0.20000000298023225,
        0.20000000298023225,
        0.20000000298023225,
        0.20000000298023225
    ],
    "m_bciStats_rel": [
        0.6499999761581421,
        0.6499999761581421,
        0.6499999761581421,
        0.6499999761581421,
        0.6499999761581421
    ],
    "m_bciStats_str": [
        0.1499989926815033,
        0.1499989926815033,
        0.1499989926815033,
        0.1499989926815033,
        0.1499989926815033
    ],
    "m_bciStats_Pause_eng": [
        0.20000000298023225,
        0.42250001430511477
    ],
    "m_bciStats_Pause_exc": [
        0.20000000298023225,
        0.3449999988079071
    ],
    "m_bciStats_Pause_foc": [
        0.20000000298023225,
        0.25
    ],
    "m_bciStats_Pause_int": [
        0.20000000298023225,
        0.20000000298023225
    ],
    "m_bciStats_Pause_rel": [
        0.6499999761581421,
        0.6499999761581421
    ],
    "m_bciStats_Pause_str": [
        0.1499989926815033,
        0.1499989926815033
    ],
    "m_boredom": 0.30000001192092898,
    "m_frustration": 0.17500001192092896
}