{
    "m_gameSession": 33,
    "m_waveNumber": 3,
    "m_waveDifficulty": 1.9323675632476807,
    "m_waveSpawntime": 179.4631805419922,
    "m_waveSpawnDuration": 20.0,
    "m_waveMaxClearDuration": 0.0,
    "m_wavePauseDuration": 20.0,
    "m_adjustedDifficultyGM": 2.071218490600586,
    "m_adjustedDifficultyBCI": 0.0,
    "m_adjustedDifficultyWeighted": 2.071218490600586,
    "m_Pause": true,
    "m_waveClearDuration": 56.84405517578125,
    "m_damageDealtInCloseCombat": 390,
    "m_unneccessaryActions": 1,
    "m_actionFrequency": 1.776376724243164,
    "m_actionTimes": [
        29.1202392578125,
        32.15290832519531,
        32.4188232421875,
        32.93650817871094,
        33.453582763671878,
        34.391204833984378,
        34.81660461425781,
        35.32179260253906,
        35.831146240234378,
        36.3359375,
        36.84368896484375,
        37.34986877441406,
        38.61906433105469,
        39.44068908691406,
        39.947723388671878,
        40.453369140625,
        40.96076965332031,
        41.46842956542969,
        41.9727783203125,
        42.479034423828128,
        42.98435974121094,
        43.49275207519531,
        43.996917724609378,
        44.50213623046875,
        45.008087158203128,
        45.51280212402344,
        53.30143737792969,
        54.217559814453128,
        54.72412109375,
        55.258331298828128,
        55.76679992675781,
        56.27214050292969
    ],
    "m_failedActions": 0,
    "m_performance": 0.5416666865348816,
    "m_lostHP": 30,
    "m_healedHP": 10,
    "m_healedHPPause": 20,
    "m_lostHPPercentage": 0.03999999910593033,
    "m_lostBuildingHP": 260,
    "m_lostBuildings": 0,
    "m_healedBuildingHP": 0,
    "m_healedBuildingHPPause": 240,
    "m_lostBuildingHPPercentage": 0.1733333319425583,
    "m_lostBuildingsPercentage": 0.0,
    "m_goldCollected": 12,
    "m_goldLost": 0,
    "m_goldProfit": 12,
    "m_boredom_GM": 0.07185539603233338,
    "m_frustration_GM": -0.694444477558136,
    "m_bciStats_eng": [],
    "m_bciStats_exc": [],
    "m_bciStats_foc": [],
    "m_bciStats_int": [],
    "m_bciStats_rel": [],
    "m_bciStats_str": [],
    "m_bciStats_Pause_eng": [],
    "m_bciStats_Pause_exc": [],
    "m_bciStats_Pause_foc": [],
    "m_bciStats_Pause_int": [],
    "m_bciStats_Pause_rel": [],
    "m_bciStats_Pause_str": [],
    "m_boredom_BCI": 0.0,
    "m_frustration_BCI": 0.0
}