{
    "m_gameSession": 33,
    "m_waveNumber": 1,
    "m_waveDifficulty": 0.800000011920929,
    "m_waveSpawntime": 73.81502532958985,
    "m_waveSpawnDuration": 20.0,
    "m_waveMaxClearDuration": 0.0,
    "m_wavePauseDuration": 20.0,
    "m_adjustedDifficultyGM": 1.0435006618499756,
    "m_adjustedDifficultyBCI": 0.0,
    "m_adjustedDifficultyWeighted": 1.0435006618499756,
    "m_Pause": true,
    "m_waveClearDuration": 52.588409423828128,
    "m_damageDealtInCloseCombat": 60,
    "m_unneccessaryActions": 3,
    "m_actionFrequency": 2.1911838054656984,
    "m_actionTimes": [
        0.22600555419921876,
        0.72943115234375,
        1.2322006225585938,
        1.734375,
        2.236907958984375,
        2.7394866943359377,
        3.2431869506835939,
        27.116966247558595,
        27.93981170654297,
        29.49140167236328,
        29.66229248046875,
        30.172958374023439,
        31.308395385742189,
        31.539459228515626,
        32.08485412597656,
        32.58806610107422,
        33.17839813232422,
        35.107200622558597,
        36.330047607421878,
        38.346229553222659,
        47.022972106933597,
        47.78632354736328,
        49.351043701171878,
        51.31206512451172
    ],
    "m_failedActions": 0,
    "m_performance": 0.7350000143051148,
    "m_lostHP": 0,
    "m_healedHP": 0,
    "m_healedHPPause": 0,
    "m_lostHPPercentage": 0.0,
    "m_lostBuildingHP": 60,
    "m_lostBuildings": 0,
    "m_healedBuildingHP": 60,
    "m_healedBuildingHPPause": 0,
    "m_lostBuildingHPPercentage": 0.0,
    "m_lostBuildingsPercentage": 0.0,
    "m_goldCollected": 4,
    "m_goldLost": 0,
    "m_goldProfit": 4,
    "m_boredom_GM": 0.3043757379055023,
    "m_frustration_GM": -0.8233333230018616,
    "m_bciStats_eng": [],
    "m_bciStats_exc": [],
    "m_bciStats_foc": [],
    "m_bciStats_int": [],
    "m_bciStats_rel": [],
    "m_bciStats_str": [],
    "m_bciStats_Pause_eng": [],
    "m_bciStats_Pause_exc": [],
    "m_bciStats_Pause_foc": [],
    "m_bciStats_Pause_int": [],
    "m_bciStats_Pause_rel": [],
    "m_bciStats_Pause_str": [],
    "m_boredom_BCI": 0.0,
    "m_frustration_BCI": 0.0
}