{
    "m_gameSession": 33,
    "m_waveNumber": 0,
    "m_waveDifficulty": 0.4000000059604645,
    "m_waveSpawntime": 20.68890953063965,
    "m_waveSpawnDuration": 20.0,
    "m_waveMaxClearDuration": 0.0,
    "m_wavePauseDuration": 20.0,
    "m_adjustedDifficultyGM": 0.5965942740440369,
    "m_adjustedDifficultyBCI": 0.0,
    "m_adjustedDifficultyWeighted": 0.5965942740440369,
    "m_Pause": true,
    "m_waveClearDuration": 53.12248992919922,
    "m_damageDealtInCloseCombat": 0,
    "m_unneccessaryActions": 12,
    "m_actionFrequency": 1.8318099975585938,
    "m_actionTimes": [
        38.05229949951172,
        39.283103942871097,
        39.623451232910159,
        40.146705627441409,
        40.65723419189453,
        41.173133850097659,
        41.67613983154297,
        42.17951202392578,
        42.683860778808597,
        43.18695831298828,
        43.68968200683594,
        44.192413330078128,
        44.69706726074219,
        45.20201873779297,
        45.803558349609378,
        46.30750274658203,
        46.811256408691409,
        47.31483459472656,
        47.81730651855469,
        48.32112121582031,
        48.825050354003909,
        49.328712463378909,
        49.831153869628909,
        50.33357238769531,
        50.837059020996097,
        51.34034729003906,
        51.843955993652347,
        52.347251892089847,
        52.849388122558597
    ],
    "m_failedActions": 0,
    "m_performance": 0.5199999809265137,
    "m_lostHP": 0,
    "m_healedHP": 0,
    "m_healedHPPause": 0,
    "m_lostHPPercentage": 0.0,
    "m_lostBuildingHP": 210,
    "m_lostBuildings": 0,
    "m_healedBuildingHP": 0,
    "m_healedBuildingHPPause": 150,
    "m_lostBuildingHPPercentage": 0.20999999344348908,
    "m_lostBuildingsPercentage": 0.0,
    "m_goldCollected": 2,
    "m_goldLost": 0,
    "m_goldProfit": 2,
    "m_boredom_GM": 0.4914856553077698,
    "m_frustration_GM": -0.6800000071525574,
    "m_bciStats_eng": [],
    "m_bciStats_exc": [],
    "m_bciStats_foc": [],
    "m_bciStats_int": [],
    "m_bciStats_rel": [],
    "m_bciStats_str": [],
    "m_bciStats_Pause_eng": [],
    "m_bciStats_Pause_exc": [],
    "m_bciStats_Pause_foc": [],
    "m_bciStats_Pause_int": [],
    "m_bciStats_Pause_rel": [],
    "m_bciStats_Pause_str": [],
    "m_boredom_BCI": 0.0,
    "m_frustration_BCI": 0.0
}