{
    "m_gameSession": 33,
    "m_waveNumber": 2,
    "m_waveDifficulty": 1.3452035188674927,
    "m_waveSpawntime": 126.40496826171875,
    "m_waveSpawnDuration": 20.0,
    "m_waveMaxClearDuration": 0.0,
    "m_wavePauseDuration": 20.0,
    "m_adjustedDifficultyGM": 1.488450527191162,
    "m_adjustedDifficultyBCI": 0.0,
    "m_adjustedDifficultyWeighted": 1.488450527191162,
    "m_Pause": true,
    "m_waveClearDuration": 53.05633544921875,
    "m_damageDealtInCloseCombat": 255,
    "m_unneccessaryActions": 1,
    "m_actionFrequency": 3.5370891094207765,
    "m_actionTimes": [
        26.512542724609376,
        27.178756713867189,
        27.995681762695314,
        28.501449584960939,
        29.009048461914064,
        29.513397216796876,
        29.932662963867189,
        30.09136962890625,
        30.59490966796875,
        31.098846435546876,
        31.656326293945314,
        31.829544067382814,
        32.33245849609375,
        33.0355224609375,
        34.11322021484375
    ],
    "m_failedActions": 0,
    "m_performance": 0.7183333039283752,
    "m_lostHP": 20,
    "m_healedHP": 20,
    "m_healedHPPause": 0,
    "m_lostHPPercentage": 0.0,
    "m_lostBuildingHP": 40,
    "m_lostBuildings": 0,
    "m_healedBuildingHP": 0,
    "m_healedBuildingHPPause": 0,
    "m_lostBuildingHPPercentage": 0.026666667312383653,
    "m_lostBuildingsPercentage": 0.0,
    "m_goldCollected": 8,
    "m_goldLost": 0,
    "m_goldProfit": 8,
    "m_boredom_GM": 0.1064872220158577,
    "m_frustration_GM": -0.8122221827507019,
    "m_bciStats_eng": [],
    "m_bciStats_exc": [],
    "m_bciStats_foc": [],
    "m_bciStats_int": [],
    "m_bciStats_rel": [],
    "m_bciStats_str": [],
    "m_bciStats_Pause_eng": [],
    "m_bciStats_Pause_exc": [],
    "m_bciStats_Pause_foc": [],
    "m_bciStats_Pause_int": [],
    "m_bciStats_Pause_rel": [],
    "m_bciStats_Pause_str": [],
    "m_boredom_BCI": 0.0,
    "m_frustration_BCI": 0.0
}