{
    "m_gameSession": 33,
    "m_waveNumber": 5,
    "m_waveDifficulty": 3.0937082767486574,
    "m_waveSpawntime": 295.2447509765625,
    "m_waveSpawnDuration": 20.0,
    "m_waveMaxClearDuration": 0.0,
    "m_wavePauseDuration": 20.0,
    "m_adjustedDifficultyGM": 3.0937082767486574,
    "m_adjustedDifficultyBCI": 0.0,
    "m_adjustedDifficultyWeighted": 3.0937082767486574,
    "m_Pause": true,
    "m_waveClearDuration": 65.85235595703125,
    "m_damageDealtInCloseCombat": 1560,
    "m_unneccessaryActions": 1,
    "m_actionFrequency": 1.116141676902771,
    "m_actionTimes": [
        24.668487548828126,
        25.155242919921876,
        26.75140380859375,
        26.93975830078125,
        27.452789306640626,
        27.969329833984376,
        28.40087890625,
        28.590576171875,
        29.10711669921875,
        29.623046875,
        30.136962890625,
        30.644256591796876,
        31.154144287109376,
        31.67022705078125,
        32.177337646484378,
        32.6900634765625,
        33.048065185546878,
        34.216888427734378,
        34.726226806640628,
        35.231842041015628,
        35.743804931640628,
        36.24896240234375,
        36.756927490234378,
        36.9266357421875,
        37.778228759765628,
        38.288482666015628,
        38.79522705078125,
        39.300628662109378,
        39.75775146484375,
        39.97113037109375,
        40.478485107421878,
        40.986846923828128,
        41.492706298828128,
        42.002532958984378,
        42.3321533203125,
        43.314117431640628,
        43.82037353515625,
        44.326324462890628,
        44.83587646484375,
        45.343536376953128,
        45.851470947265628,
        46.589874267578128,
        48.17706298828125,
        48.6839599609375,
        49.190277099609378,
        49.69573974609375,
        50.204559326171878,
        50.708709716796878,
        51.21502685546875,
        57.48895263671875,
        57.995880126953128,
        58.501678466796878,
        59.00592041015625,
        59.51513671875,
        60.02056884765625,
        60.528228759765628,
        61.034149169921878,
        61.540283203125,
        62.046630859375
    ],
    "m_failedActions": 1,
    "m_performance": 0.20083332061767579,
    "m_lostHP": 290,
    "m_healedHP": 175,
    "m_healedHPPause": 136,
    "m_lostHPPercentage": 0.23000000417232514,
    "m_lostBuildingHP": 1110,
    "m_lostBuildings": 0,
    "m_healedBuildingHP": 0,
    "m_healedBuildingHPPause": 675,
    "m_lostBuildingHPPercentage": 0.5550000071525574,
    "m_lostBuildingsPercentage": 0.0,
    "m_goldCollected": 23,
    "m_goldLost": 0,
    "m_goldProfit": 23,
    "m_boredom_GM": -0.08246119320392609,
    "m_frustration_GM": -0.4005555510520935,
    "m_bciStats_eng": [],
    "m_bciStats_exc": [],
    "m_bciStats_foc": [],
    "m_bciStats_int": [],
    "m_bciStats_rel": [],
    "m_bciStats_str": [],
    "m_bciStats_Pause_eng": [],
    "m_bciStats_Pause_exc": [],
    "m_bciStats_Pause_foc": [],
    "m_bciStats_Pause_int": [],
    "m_bciStats_Pause_rel": [],
    "m_bciStats_Pause_str": [],
    "m_boredom_BCI": 0.0,
    "m_frustration_BCI": 0.0
}