{
    "m_gameSession": 33,
    "m_waveNumber": 4,
    "m_waveDifficulty": 2.545903444290161,
    "m_waveSpawntime": 236.3109893798828,
    "m_waveSpawnDuration": 20.0,
    "m_waveMaxClearDuration": 0.0,
    "m_wavePauseDuration": 20.0,
    "m_adjustedDifficultyGM": 2.5801799297332765,
    "m_adjustedDifficultyBCI": 0.0,
    "m_adjustedDifficultyWeighted": 2.5801799297332765,
    "m_Pause": true,
    "m_waveClearDuration": 58.93080139160156,
    "m_damageDealtInCloseCombat": 660,
    "m_unneccessaryActions": 2,
    "m_actionFrequency": 1.5508105754852296,
    "m_actionTimes": [
        0.4236297607421875,
        22.394638061523439,
        25.158035278320314,
        25.671066284179689,
        26.180221557617189,
        26.671768188476564,
        27.168930053710939,
        27.675216674804689,
        28.186264038085939,
        28.470199584960939,
        28.696395874023439,
        29.208694458007814,
        29.717391967773439,
        30.886978149414064,
        31.144149780273439,
        31.654006958007814,
        32.16065979003906,
        32.66847229003906,
        33.17332458496094,
        33.67866516113281,
        33.96177673339844,
        34.20268249511719,
        34.70948791503906,
        35.22474670410156,
        35.72950744628906,
        36.23832702636719,
        36.62043762207031,
        36.89613342285156,
        37.40486145019531,
        37.91175842285156,
        38.42033386230469,
        38.92692565917969,
        39.33036804199219,
        40.80632019042969,
        42.74916076660156,
        47.61091613769531,
        48.11555480957031,
        48.62120056152344
    ],
    "m_failedActions": 0,
    "m_performance": 0.21249999105930329,
    "m_lostHP": 270,
    "m_healedHP": 90,
    "m_healedHPPause": 100,
    "m_lostHPPercentage": 0.36000001430511477,
    "m_lostBuildingHP": 610,
    "m_lostBuildings": 0,
    "m_healedBuildingHP": 0,
    "m_healedBuildingHPPause": 60,
    "m_lostBuildingHPPercentage": 0.3050000071525574,
    "m_lostBuildingsPercentage": 0.0,
    "m_goldCollected": 17,
    "m_goldLost": 0,
    "m_goldProfit": 17,
    "m_boredom_GM": 0.013463383540511132,
    "m_frustration_GM": -0.4749999940395355,
    "m_bciStats_eng": [],
    "m_bciStats_exc": [],
    "m_bciStats_foc": [],
    "m_bciStats_int": [],
    "m_bciStats_rel": [],
    "m_bciStats_str": [],
    "m_bciStats_Pause_eng": [],
    "m_bciStats_Pause_exc": [],
    "m_bciStats_Pause_foc": [],
    "m_bciStats_Pause_int": [],
    "m_bciStats_Pause_rel": [],
    "m_bciStats_Pause_str": [],
    "m_boredom_BCI": 0.0,
    "m_frustration_BCI": 0.0
}