{
    "m_gameSession": 3,
    "m_waveNumber": 0,
    "m_waveSpawntime": 70.61225128173828,
    "m_waveSpawnDuration": 20.0,
    "m_wavePauseDuration": 20.0,
    "m_waveDifficulty": 1.399999976158142,
    "m_waveClearDuration": 45.02848815917969,
    "m_lostHP": 80,
    "m_lostBuildingHP": 10,
    "m_lostBuildings": 0,
    "m_healedtBuildingHP": 0,
    "m_damageDealtInCloseCombat": 260,
    "m_bciStats_eng": [
        1.0,
        1.0,
        1.0,
        1.0,
        1.0
    ],
    "m_bciStats_exc": [
        0.2999989986419678,
        0.2999989986419678,
        0.2999989986419678,
        0.2999989986419678,
        0.2999989986419678
    ],
    "m_bciStats_foc": [
        0.20000000298023225,
        0.20000000298023225,
        0.20000000298023225,
        0.20000000298023225,
        0.20000000298023225
    ],
    "m_bciStats_int": [
        1.0,
        1.0,
        1.0,
        1.0,
        1.0
    ],
    "m_bciStats_rel": [
        0.6999989748001099,
        0.6999989748001099,
        0.6999989748001099,
        0.6999989748001099,
        0.6999989748001099
    ],
    "m_bciStats_str": [
        0.5,
        0.5,
        0.5,
        0.5,
        0.5
    ]
}