{
    "m_gameSession": 17,
    "m_waveNumber": 0,
    "m_estimatedPlayerSkillLevel": 0.4000000059604645,
    "m_systemWeight": 1.0,
    "m_waveDifficulty": 0.4000000059604645,
    "m_waveSpawntime": 59.2087516784668,
    "m_waveSpawnDuration": 20.0,
    "m_waveMaxClearDuration": 0.0,
    "m_wavePauseDuration": 20.0,
    "m_adjustedPlayerSkillLevelGM": 0.4000000059604645,
    "m_adjustedPlayerSkillLevelBCI": 0.6128126382827759,
    "m_adjustedPlayerSkillLevelWeighted": 0.6128126382827759,
    "m_Pause": true,
    "m_waveClearDuration": 61.2518196105957,
    "m_lostHP": 0,
    "m_lostBuildingHP": 0,
    "m_lostBuildings": 0,
    "m_healedtBuildingHP": 0,
    "m_damageDealtInCloseCombat": 10,
    "m_bciStats_eng": [
        0.4249989986419678,
        0.20000000298023225,
        0.20000000298023225,
        0.20000000298023225
    ],
    "m_bciStats_exc": [
        0.45499899983406069,
        0.20000000298023225,
        0.20000000298023225,
        0.20000000298023225
    ],
    "m_bciStats_foc": [
        0.4699989855289459,
        0.20000000298023225,
        0.20000000298023225,
        0.20000000298023225
    ],
    "m_bciStats_int": [
        0.5,
        0.23000000417232514,
        0.20000000298023225,
        0.20000000298023225
    ],
    "m_bciStats_rel": [
        0.5,
        0.675000011920929,
        0.75,
        0.75
    ],
    "m_bciStats_str": [
        0.5,
        0.25999999046325686,
        0.20000000298023225,
        0.20000000298023225
    ],
    "m_bciStats_Pause_eng": [
        0.20000000298023225,
        0.20000000298023225
    ],
    "m_bciStats_Pause_exc": [
        0.20000000298023225,
        0.20000000298023225
    ],
    "m_bciStats_Pause_foc": [
        0.20000000298023225,
        0.20000000298023225
    ],
    "m_bciStats_Pause_int": [
        0.20000000298023225,
        0.20000000298023225
    ],
    "m_bciStats_Pause_rel": [
        0.75,
        0.75
    ],
    "m_bciStats_Pause_str": [
        0.20000000298023225,
        0.20000000298023225
    ],
    "m_boredom": 0.21656262874603272,
    "m_frustration": 0.0037499964237213136
}