{
    "m_gameSession": 21,
    "m_waveNumber": 1,
    "m_systemWeight": 1.0,
    "m_waveDifficulty": 0.800000011920929,
    "m_waveSpawntime": 153.7578582763672,
    "m_waveSpawnDuration": 20.0,
    "m_waveMaxClearDuration": 0.0,
    "m_wavePauseDuration": 20.0,
    "m_adjustedDifficultyGM": 0.800000011920929,
    "m_adjustedDifficultyBCI": 0.710999608039856,
    "m_adjustedDifficultyWeighted": 0.710999608039856,
    "m_Pause": true,
    "m_waveClearDuration": 58.67939758300781,
    "m_lostHP": 120,
    "m_lostBuildingHP": 30,
    "m_lostBuildings": 0,
    "m_healedtBuildingHP": 0,
    "m_damageDealtInCloseCombat": 160,
    "m_unneccessaryActions": 0,
    "m_actionFrequency": 0,
    "m_failedActions": 0,
    "m_lostBuildingsPercentage": 0,
    "m_lightningHits": 0,
    "m_goldGenerated": 0,
    "m_goldCollected": 0,
    "m_goldLost": 0,
    "m_bciStats_eng": [
        0.20000000298023225,
        0.20000000298023225,
        0.20000000298023225,
        0.20000000298023225
    ],
    "m_bciStats_exc": [
        0.20000000298023225,
        0.20000000298023225,
        0.20000000298023225,
        0.20000000298023225
    ],
    "m_bciStats_foc": [
        0.25,
        0.25,
        0.25,
        0.25
    ],
    "m_bciStats_int": [
        0.31999900937080386,
        0.2999989986419678,
        0.2999989986419678,
        0.2999989986419678
    ],
    "m_bciStats_rel": [
        0.1499989926815033,
        0.1499989926815033,
        0.1499989926815033,
        0.1499989926815033
    ],
    "m_bciStats_str": [
        0.75,
        0.75,
        0.75,
        0.75
    ],
    "m_bciStats_Pause_eng": [
        0.20000000298023225,
        0.20000000298023225
    ],
    "m_bciStats_Pause_exc": [
        0.20000000298023225,
        0.20000000298023225
    ],
    "m_bciStats_Pause_foc": [
        0.25,
        0.25
    ],
    "m_bciStats_Pause_int": [
        0.2999989986419678,
        0.2999989986419678
    ],
    "m_bciStats_Pause_rel": [
        0.1499989926815033,
        0.1499989926815033
    ],
    "m_bciStats_Pause_str": [
        0.75,
        0.75
    ],
    "m_boredom": 0.11124999821186066,
    "m_frustration": 0.2225005030632019
}