{
    "m_gameSession": 21,
    "m_waveNumber": 3,
    "m_systemWeight": 1.0,
    "m_waveDifficulty": 1.4347561597824097,
    "m_waveSpawntime": 257.0919494628906,
    "m_waveSpawnDuration": 20.0,
    "m_waveMaxClearDuration": 0.0,
    "m_wavePauseDuration": 20.0,
    "m_adjustedDifficultyGM": 1.4347561597824097,
    "m_adjustedDifficultyBCI": 1.3988869190216065,
    "m_adjustedDifficultyWeighted": 1.3988869190216065,
    "m_Pause": true,
    "m_waveClearDuration": 60.9215087890625,
    "m_lostHP": 360,
    "m_lostBuildingHP": 0,
    "m_lostBuildings": 0,
    "m_healedtBuildingHP": 130,
    "m_damageDealtInCloseCombat": 405,
    "m_unneccessaryActions": 0,
    "m_actionFrequency": 0,
    "m_failedActions": 0,
    "m_lostBuildingsPercentage": 0,
    "m_lightningHits": 0,
    "m_goldGenerated": 0,
    "m_goldCollected": 0,
    "m_goldLost": 0,
    "m_bciStats_eng": [
        0.20000000298023225,
        0.20000000298023225,
        0.20000000298023225,
        0.20000000298023225,
        0.20000000298023225
    ],
    "m_bciStats_exc": [
        0.20000000298023225,
        0.20000000298023225,
        0.20000000298023225,
        0.20000000298023225,
        0.20000000298023225
    ],
    "m_bciStats_foc": [
        0.25,
        0.25,
        0.25,
        0.25,
        0.25
    ],
    "m_bciStats_int": [
        0.2999989986419678,
        0.2999989986419678,
        0.2999989986419678,
        0.2999989986419678,
        0.2999989986419678
    ],
    "m_bciStats_rel": [
        0.1499989926815033,
        0.1499989926815033,
        0.1499989926815033,
        0.1499989926815033,
        0.1499989926815033
    ],
    "m_bciStats_str": [
        0.75,
        0.75,
        0.75,
        0.75,
        0.75
    ],
    "m_bciStats_Pause_eng": [
        0.20000000298023225,
        0.20000000298023225
    ],
    "m_bciStats_Pause_exc": [
        0.20000000298023225,
        0.20000000298023225
    ],
    "m_bciStats_Pause_foc": [
        0.25,
        0.25
    ],
    "m_bciStats_Pause_int": [
        0.2999989986419678,
        0.2999989986419678
    ],
    "m_bciStats_Pause_rel": [
        0.1499989926815033,
        0.1499989926815033
    ],
    "m_bciStats_Pause_str": [
        0.75,
        0.75
    ],
    "m_boredom": 0.20000025629997254,
    "m_frustration": 0.2250005006790161
}