{
    "m_gameSession": 21,
    "m_waveNumber": 4,
    "m_systemWeight": 1.0,
    "m_waveDifficulty": 1.745107650756836,
    "m_waveSpawntime": 318.0150451660156,
    "m_waveSpawnDuration": 20.0,
    "m_waveMaxClearDuration": 0.0,
    "m_wavePauseDuration": 20.0,
    "m_adjustedDifficultyGM": 1.745107650756836,
    "m_adjustedDifficultyBCI": 1.7014795541763306,
    "m_adjustedDifficultyWeighted": 1.7014795541763306,
    "m_Pause": true,
    "m_waveClearDuration": 84.86083984375,
    "m_lostHP": 180,
    "m_lostBuildingHP": 2370,
    "m_lostBuildings": 0,
    "m_healedtBuildingHP": 342,
    "m_damageDealtInCloseCombat": 495,
    "m_unneccessaryActions": 0,
    "m_actionFrequency": 0,
    "m_failedActions": 0,
    "m_lostBuildingsPercentage": 0,
    "m_lightningHits": 0,
    "m_goldGenerated": 0,
    "m_goldCollected": 0,
    "m_goldLost": 0,
    "m_bciStats_eng": [
        0.20000000298023225,
        0.20000000298023225,
        0.20000000298023225,
        0.20000000298023225,
        0.20000000298023225,
        0.20000000298023225
    ],
    "m_bciStats_exc": [
        0.20000000298023225,
        0.20000000298023225,
        0.20000000298023225,
        0.20000000298023225,
        0.20000000298023225,
        0.20000000298023225
    ],
    "m_bciStats_foc": [
        0.25,
        0.25,
        0.25,
        0.25,
        0.25,
        0.25
    ],
    "m_bciStats_int": [
        0.2999989986419678,
        0.2999989986419678,
        0.2999989986419678,
        0.2999989986419678,
        0.2999989986419678,
        0.2999989986419678
    ],
    "m_bciStats_rel": [
        0.1499989926815033,
        0.1499989926815033,
        0.1499989926815033,
        0.1499989926815033,
        0.1499989926815033,
        0.1499989926815033
    ],
    "m_bciStats_str": [
        0.75,
        0.75,
        0.75,
        0.75,
        0.75,
        0.75
    ],
    "m_bciStats_Pause_eng": [
        0.20000000298023225,
        0.20000000298023225
    ],
    "m_bciStats_Pause_exc": [
        0.20000000298023225,
        0.20000000298023225
    ],
    "m_bciStats_Pause_foc": [
        0.25,
        0.25
    ],
    "m_bciStats_Pause_int": [
        0.2999989986419678,
        0.2999989986419678
    ],
    "m_bciStats_Pause_rel": [
        0.1499989926815033,
        0.1499989926815033
    ],
    "m_bciStats_Pause_str": [
        0.75,
        0.75
    ],
    "m_boredom": 0.20000025629997254,
    "m_frustration": 0.2250005006790161
}