{
    "m_gameSession": 19,
    "m_waveNumber": 0,
    "m_systemWeight": 1.0,
    "m_waveDifficulty": 0.4000000059604645,
    "m_waveSpawntime": 62.57430648803711,
    "m_waveSpawnDuration": 20.0,
    "m_waveMaxClearDuration": 0.0,
    "m_wavePauseDuration": 20.0,
    "m_adjustedDifficultyGM": 0.4000000059604645,
    "m_adjustedDifficultyBCI": 0.4568333923816681,
    "m_adjustedDifficultyWeighted": 0.4568333923816681,
    "m_Pause": true,
    "m_waveClearDuration": 55.03616714477539,
    "m_lostHP": 0,
    "m_lostBuildingHP": 0,
    "m_lostBuildings": 0,
    "m_healedtBuildingHP": 0,
    "m_damageDealtInCloseCombat": 0,
    "m_bciStats_eng": [
        0.44999998807907107,
        0.2999989986419678,
        0.2999989986419678
    ],
    "m_bciStats_exc": [
        0.4749999940395355,
        0.25,
        0.25
    ],
    "m_bciStats_foc": [
        0.48750001192092898,
        0.25,
        0.25
    ],
    "m_bciStats_int": [
        0.5,
        0.32999899983406069,
        0.2999989986419678
    ],
    "m_bciStats_rel": [
        0.5,
        0.6599990129470825,
        0.6999989748001099
    ],
    "m_bciStats_str": [
        0.5,
        0.32499998807907107,
        0.25
    ],
    "m_bciStats_Pause_eng": [
        0.2999989986419678,
        0.2999989986419678
    ],
    "m_bciStats_Pause_exc": [
        0.25,
        0.25
    ],
    "m_bciStats_Pause_foc": [
        0.25,
        0.25
    ],
    "m_bciStats_Pause_int": [
        0.2999989986419678,
        0.2999989986419678
    ],
    "m_bciStats_Pause_rel": [
        0.6999989748001099,
        0.6999989748001099
    ],
    "m_bciStats_Pause_str": [
        0.25,
        0.25
    ],
    "m_boredom": 0.14208349585533143,
    "m_frustration": -0.009166345000267029
}