{
    "m_gameSession": 19,
    "m_waveNumber": 4,
    "m_systemWeight": 1.0,
    "m_waveDifficulty": 1.6821813583374024,
    "m_waveSpawntime": 290.38983154296877,
    "m_waveSpawnDuration": 20.0,
    "m_waveMaxClearDuration": 0.0,
    "m_wavePauseDuration": 20.0,
    "m_adjustedDifficultyGM": 1.6821813583374024,
    "m_adjustedDifficultyBCI": 1.766291618347168,
    "m_adjustedDifficultyWeighted": 1.766291618347168,
    "m_Pause": true,
    "m_waveClearDuration": 67.2197265625,
    "m_lostHP": 0,
    "m_lostBuildingHP": 60,
    "m_lostBuildings": 0,
    "m_healedtBuildingHP": 0,
    "m_damageDealtInCloseCombat": 0,
    "m_bciStats_eng": [
        0.34999901056289675,
        0.34999901056289675,
        0.34999901056289675,
        0.34999901056289675
    ],
    "m_bciStats_exc": [
        0.2999989986419678,
        0.2999989986419678,
        0.2999989986419678,
        0.2999989986419678
    ],
    "m_bciStats_foc": [
        0.2999989986419678,
        0.2999989986419678,
        0.2999989986419678,
        0.2999989986419678
    ],
    "m_bciStats_int": [
        0.2999989986419678,
        0.2999989986419678,
        0.2999989986419678,
        0.2999989986419678
    ],
    "m_bciStats_rel": [
        0.6499999761581421,
        0.6499999761581421,
        0.6499999761581421,
        0.6499999761581421
    ],
    "m_bciStats_str": [
        0.2999989986419678,
        0.2999989986419678,
        0.2999989986419678,
        0.2999989986419678
    ],
    "m_bciStats_Pause_eng": [
        0.34999901056289675,
        0.34999901056289675
    ],
    "m_bciStats_Pause_exc": [
        0.2999989986419678,
        0.2999989986419678
    ],
    "m_bciStats_Pause_foc": [
        0.2999989986419678,
        0.2999989986419678
    ],
    "m_bciStats_Pause_int": [
        0.2999989986419678,
        0.2999989986419678
    ],
    "m_bciStats_Pause_rel": [
        0.6499999761581421,
        0.6499999761581421
    ],
    "m_bciStats_Pause_str": [
        0.2999989986419678,
        0.2999989986419678
    ],
    "m_boredom": 0.17500074207782746,
    "m_frustration": 0.125
}