{
    "m_gameSession": 32,
    "m_waveNumber": 0,
    "m_waveDifficulty": 0.4000000059604645,
    "m_waveSpawntime": 20.561527252197267,
    "m_waveSpawnDuration": 20.0,
    "m_waveMaxClearDuration": 0.0,
    "m_wavePauseDuration": 20.0,
    "m_adjustedDifficultyGM": 0.42281574010849,
    "m_adjustedDifficultyBCI": 0.0,
    "m_adjustedDifficultyWeighted": 0.42281574010849,
    "m_Pause": true,
    "m_waveClearDuration": 53.5291633605957,
    "m_damageDealtInCloseCombat": 60,
    "m_unneccessaryActions": 0,
    "m_actionFrequency": 2.6764581203460695,
    "m_actionTimes": [
        10.681856155395508,
        11.992828369140625,
        13.238838195800782,
        14.520751953125,
        18.039310455322267,
        19.29098129272461,
        19.60064697265625,
        20.200298309326173,
        22.547290802001954,
        26.111351013183595,
        26.647850036621095,
        27.219650268554689,
        31.975475311279298,
        32.90319061279297,
        33.52667999267578,
        38.02973937988281,
        39.883846282958987,
        41.18065643310547,
        47.003543853759769,
        50.58457565307617
    ],
    "m_failedActions": 0,
    "m_performance": 0.7099999785423279,
    "m_lostHP": 30,
    "m_healedHP": 20,
    "m_healedHPPause": 10,
    "m_lostHPPercentage": 0.019999999552965165,
    "m_lostBuildingHP": 0,
    "m_lostBuildings": 0,
    "m_healedBuildingHP": 0,
    "m_healedBuildingHPPause": 0,
    "m_lostBuildingHPPercentage": 0.0,
    "m_lostBuildingsPercentage": 0.0,
    "m_goldCollected": 2,
    "m_goldLost": 0,
    "m_goldProfit": 2,
    "m_boredom_GM": 0.05703934654593468,
    "m_frustration_GM": -0.8066666722297669,
    "m_bciStats_eng": [],
    "m_bciStats_exc": [],
    "m_bciStats_foc": [],
    "m_bciStats_int": [],
    "m_bciStats_rel": [],
    "m_bciStats_str": [],
    "m_bciStats_Pause_eng": [],
    "m_bciStats_Pause_exc": [],
    "m_bciStats_Pause_foc": [],
    "m_bciStats_Pause_int": [],
    "m_bciStats_Pause_rel": [],
    "m_bciStats_Pause_str": [],
    "m_boredom_BCI": 0.0,
    "m_frustration_BCI": 0.0
}