{
    "m_gameSession": 32,
    "m_waveNumber": 2,
    "m_waveDifficulty": 1.238693356513977,
    "m_waveSpawntime": 137.1855926513672,
    "m_waveSpawnDuration": 20.0,
    "m_waveMaxClearDuration": 0.0,
    "m_wavePauseDuration": 20.0,
    "m_adjustedDifficultyGM": 1.3230705261230469,
    "m_adjustedDifficultyBCI": 0.0,
    "m_adjustedDifficultyWeighted": 1.3230705261230469,
    "m_Pause": true,
    "m_waveClearDuration": 63.79742431640625,
    "m_damageDealtInCloseCombat": 180,
    "m_unneccessaryActions": 0,
    "m_actionFrequency": 1.3573919534683228,
    "m_actionTimes": [
        2.9934234619140627,
        3.4966888427734377,
        4.001556396484375,
        4.5045013427734379,
        5.007568359375,
        5.51031494140625,
        6.5453338623046879,
        7.048187255859375,
        7.5515289306640629,
        8.05621337890625,
        8.561920166015625,
        10.756546020507813,
        11.458831787109375,
        11.96380615234375,
        12.468551635742188,
        12.9727783203125,
        13.47662353515625,
        13.982406616210938,
        14.485702514648438,
        16.358428955078126,
        16.8646240234375,
        17.370437622070314,
        17.877548217773439,
        18.383270263671876,
        18.888427734375,
        19.393829345703126,
        19.89996337890625,
        20.404434204101564,
        20.911651611328126,
        21.41656494140625,
        30.12518310546875,
        34.44807434082031,
        34.76478576660156,
        35.288238525390628,
        35.86585998535156,
        36.44660949707031,
        37.32423400878906,
        40.76127624511719,
        41.14622497558594,
        41.78111267089844,
        42.28440856933594,
        42.78861999511719,
        43.29335021972656,
        43.79631042480469,
        45.53382873535156,
        53.81512451171875,
        59.233795166015628
    ],
    "m_failedActions": 0,
    "m_performance": 0.5550000071525574,
    "m_lostHP": 150,
    "m_healedHP": 55,
    "m_healedHPPause": 95,
    "m_lostHPPercentage": 0.1899999976158142,
    "m_lostBuildingHP": 40,
    "m_lostBuildings": 0,
    "m_healedBuildingHP": 50,
    "m_healedBuildingHPPause": 0,
    "m_lostBuildingHPPercentage": -0.004999999888241291,
    "m_lostBuildingsPercentage": 0.0,
    "m_goldCollected": 8,
    "m_goldLost": 0,
    "m_goldProfit": 8,
    "m_boredom_GM": 0.06811791658401489,
    "m_frustration_GM": -0.70333331823349,
    "m_bciStats_eng": [],
    "m_bciStats_exc": [],
    "m_bciStats_foc": [],
    "m_bciStats_int": [],
    "m_bciStats_rel": [],
    "m_bciStats_str": [],
    "m_bciStats_Pause_eng": [],
    "m_bciStats_Pause_exc": [],
    "m_bciStats_Pause_foc": [],
    "m_bciStats_Pause_int": [],
    "m_bciStats_Pause_rel": [],
    "m_bciStats_Pause_str": [],
    "m_boredom_BCI": 0.0,
    "m_frustration_BCI": 0.0
}