{
    "m_gameSession": 32,
    "m_waveNumber": 1,
    "m_waveDifficulty": 0.800000011920929,
    "m_waveSpawntime": 74.09398651123047,
    "m_waveSpawnDuration": 20.0,
    "m_waveMaxClearDuration": 0.0,
    "m_wavePauseDuration": 20.0,
    "m_adjustedDifficultyGM": 0.8501012325286865,
    "m_adjustedDifficultyBCI": 0.0,
    "m_adjustedDifficultyWeighted": 0.8501012325286865,
    "m_Pause": true,
    "m_waveClearDuration": 63.090293884277347,
    "m_damageDealtInCloseCombat": 80,
    "m_unneccessaryActions": 0,
    "m_actionFrequency": 2.5236117839813234,
    "m_actionTimes": [
        4.050880432128906,
        5.502128601074219,
        7.543647766113281,
        9.289237976074219,
        10.417060852050782,
        10.921279907226563,
        11.425636291503907,
        11.989250183105469,
        16.91992950439453,
        17.47150421142578,
        18.091064453125,
        18.7220458984375,
        19.4384765625,
        20.751007080078126,
        23.49761199951172,
        25.502464294433595,
        26.92950439453125,
        28.348045349121095,
        32.36656188964844,
        37.45573425292969,
        38.98656463623047,
        57.38513946533203,
        58.749244689941409,
        60.910789489746097,
        62.38025665283203
    ],
    "m_failedActions": 0,
    "m_performance": 0.6850000023841858,
    "m_lostHP": 30,
    "m_healedHP": 30,
    "m_healedHPPause": 0,
    "m_lostHPPercentage": 0.0,
    "m_lostBuildingHP": 50,
    "m_lostBuildings": 0,
    "m_healedBuildingHP": 0,
    "m_healedBuildingHPPause": 0,
    "m_lostBuildingHPPercentage": 0.05000000074505806,
    "m_lostBuildingsPercentage": 0.0,
    "m_goldCollected": 4,
    "m_goldLost": 0,
    "m_goldProfit": 4,
    "m_boredom_GM": 0.06262653321027756,
    "m_frustration_GM": -0.7900000214576721,
    "m_bciStats_eng": [],
    "m_bciStats_exc": [],
    "m_bciStats_foc": [],
    "m_bciStats_int": [],
    "m_bciStats_rel": [],
    "m_bciStats_str": [],
    "m_bciStats_Pause_eng": [],
    "m_bciStats_Pause_exc": [],
    "m_bciStats_Pause_foc": [],
    "m_bciStats_Pause_int": [],
    "m_bciStats_Pause_rel": [],
    "m_bciStats_Pause_str": [],
    "m_boredom_BCI": 0.0,
    "m_frustration_BCI": 0.0
}