{
    "m_gameSession": 2,
    "m_waveNumber": 1,
    "m_waveSpawntime": 71.30384826660156,
    "m_waveSpawnDuration": 20.0,
    "m_wavePauseDuration": 20.0,
    "m_waveDifficulty": 1.7999999523162842,
    "m_waveClearDuration": 68.82106018066406,
    "m_lostHP": 10,
    "m_lostBuildingHP": 540,
    "m_lostBuildings": 0,
    "m_healedtBuildingHP": 0,
    "m_damageDealtInCloseCombat": 110,
    "m_bciStats_eng": [
        0.44999998807907107,
        0.44999998807907107,
        0.44999998807907107,
        0.44999998807907107,
        0.44999998807907107,
        0.44999998807907107,
        0.44999998807907107
    ],
    "m_bciStats_exc": [
        0.25,
        0.25,
        0.25,
        0.25,
        0.25,
        0.25,
        0.25
    ],
    "m_bciStats_foc": [
        1.0,
        1.0,
        1.0,
        1.0,
        1.0,
        1.0,
        1.0
    ],
    "m_bciStats_int": [
        0.800000011920929,
        0.800000011920929,
        0.800000011920929,
        0.800000011920929,
        0.800000011920929,
        0.800000011920929,
        0.800000011920929
    ],
    "m_bciStats_rel": [
        0.6499999761581421,
        0.6499999761581421,
        0.6499999761581421,
        0.6499999761581421,
        0.6499999761581421,
        0.6499999761581421,
        0.6499999761581421
    ],
    "m_bciStats_str": [
        0.5,
        0.5,
        0.5,
        0.5,
        0.5,
        0.5,
        0.5
    ]
}