{
    "m_gameSession": 26,
    "m_waveNumber": 0,
    "m_waveDifficulty": 0.4000000059604645,
    "m_waveSpawntime": 84.53504180908203,
    "m_waveSpawnDuration": 20.0,
    "m_waveMaxClearDuration": 0.0,
    "m_wavePauseDuration": 20.0,
    "m_adjustedDifficultyGM": 0.4000000059604645,
    "m_adjustedDifficultyBCI": 0.4000000059604645,
    "m_adjustedDifficultyWeighted": 0.4000000059604645,
    "m_Pause": true,
    "m_waveClearDuration": 115.76815032958985,
    "m_damageDealtInCloseCombat": 80,
    "m_unneccessaryActions": 1,
    "m_actionFrequency": 16.538307189941408,
    "m_actionTimes": [
        4.344993591308594,
        6.066017150878906,
        6.9793548583984379,
        94.2503890991211,
        94.75623321533203,
        95.26244354248047,
        95.76705169677735
    ],
    "m_failedActions": 0,
    "m_performance": 0.6901916861534119,
    "m_lostHP": 310,
    "m_healedHP": 80,
    "m_healedHPPause": 95,
    "m_lostHPPercentage": 0.46000000834465029,
    "m_lostBuildingHP": 1000,
    "m_lostBuildings": 1,
    "m_healedBuildingHP": 0,
    "m_healedBuildingHPPause": 0,
    "m_lostBuildingHPPercentage": 0.5,
    "m_lostBuildingsPercentage": 0.25,
    "m_goldCollected": 2,
    "m_goldLost": 10,
    "m_goldProfit": -8,
    "m_boredom_GM": -0.23770634829998017,
    "m_frustration_GM": -0.8450958728790283,
    "m_bciStats_eng": [
        0.5,
        0.5,
        0.5,
        0.5,
        0.5,
        0.5,
        0.5,
        0.5,
        0.5,
        0.5
    ],
    "m_bciStats_exc": [
        0.5,
        0.5,
        0.5,
        0.5,
        0.5,
        0.5,
        0.5,
        0.5,
        0.5,
        0.5
    ],
    "m_bciStats_foc": [
        0.5,
        0.5,
        0.5,
        0.5,
        0.5,
        0.5,
        0.5,
        0.5,
        0.5,
        0.5
    ],
    "m_bciStats_int": [
        0.5,
        0.5,
        0.5,
        0.5,
        0.5,
        0.5,
        0.5,
        0.5,
        0.5,
        0.5
    ],
    "m_bciStats_rel": [
        0.5,
        0.5,
        0.5,
        0.5,
        0.5,
        0.5,
        0.5,
        0.5,
        0.5,
        0.5
    ],
    "m_bciStats_str": [
        0.5,
        0.5,
        0.5,
        0.5,
        0.5,
        0.5,
        0.5,
        0.5,
        0.5,
        0.5
    ],
    "m_bciStats_Pause_eng": [
        0.5,
        0.5
    ],
    "m_bciStats_Pause_exc": [
        0.5,
        0.5
    ],
    "m_bciStats_Pause_foc": [
        0.5,
        0.5
    ],
    "m_bciStats_Pause_int": [
        0.5,
        0.5
    ],
    "m_bciStats_Pause_rel": [
        0.5,
        0.5
    ],
    "m_bciStats_Pause_str": [
        0.5,
        0.5
    ],
    "m_boredom_BCI": 0.0,
    "m_frustration_BCI": 0.0
}